cdr3;antigen.epitope
CAVTDDKIIF;LLWNGPMAV
CAVDSGGYQKVTF;LLWNGPMAV
CAGGDDKIIF;LLWNGPMAV
CAVKDARLMF;LLWNGPMAV
CAVGSDKIIF;LLWNGPMAV
CAVSDARLMF;LLWNGPMAV
CAAFDDKIIF;LLWNGPMAV
CAASASKLIF;LLWNGPMAV
CAVDTNAGKSTF;LLWNGPMAV
CAAVNNDMRF;LLWNGPMAV
CAANNARLMF;LLWNGPMAV
CAVNGNKLVF;LLWNGPMAV
CAVGDDKIIF;LLWNGPMAV
CAVNSNTDKLIF;LLWNGPMAV
CAATDDKIIF;LLWNGPMAV
CAVNDKYKLSF;LLWNGPMAV
CAGSGDKLIF;LLWNGPMAV
CAEEGRGNDMRF;LLWNGPMAV
CAVSKDDKIIF;LLWNGPMAV
CASRDDKIIF;LLWNGPMAV
CAVTPDKVIF;LLWNGPMAV
CAVVDDKLIF;LLWNGPMAV
CAVRDDKIIF;LLWNGPMAV
CATSNNRLAF;LLWNGPMAV
CVVNADDMRF;LLWNGPMAV
CVVTGTYKYIF;LLWNGPMAV
CVVGTDKLIF;LLWNGPMAV
CAASGTGAGSYQLTF;LLWNGPMAV
CAASSLYGQNFVF;LLWNGPMAV
CALSENNDYKLSF;LLWNGPMAV
CAVVPNAGGTSYGKLTF;LLWNGPMAV
CAGNNARLMF;GLCTLVAML
CAEDSNARLMF;GLCTLVAML
CVVNGASGTYKYIF;GLCTLVAML
CVVNDASGTYKYIF;GLCTLVAML
CAEGQTDKLIF;GLCTLVAML
CAAGGSQGNLIF;GLCTLVAML
CAEDPLGSQGNLIF;GLCTLVAML
CILGSNDYKLSF;GLCTLVAML
CAEDNNARLMF;GLCTLVAML
CAEIHARLMF;GLCTLVAML
CAEYSSASKIIF;GLCTLVAML
CAEHFWGYQKVTF;GLCTLVAML
CALDILYNQGGKLIF;GLCTLVAML
CAEALRRDTGRRALTF;GLCTLVAML
CAEGHDSTLTF;GLCTLVAML
CAVNPGANSKLTF;GLCTLVAML
CVVNGMDSSYKLIF;GLCTLVAML
CAVSARANDYKLSF;GLCTLVAML
CATDAGNDMRF;GLCTLVAML
CAEMAGANNLFF;GLCTLVAML
CAESTGKLIF;GLCTLVAML
CAEDPLGSRGNLIF;GLCTLVAML
CAENPSSGNTPLVF;GLCTLVAML
CAASRKPDKIIF;GLCTLVAML
CAFVANAGGTSYGKLTF;GLCTLVAML
CVVNSPNDYKLSF;GLCTLVAML
CAASTRLLGNTGKLIF;GLCTLVAML
CAENQINNDMRF;GLCTLVAML
CVVNGKDSSYKLIF;GLCTLVAML
CVVNGMDSSHKLIF;GLCTLVAML
CVVNRDSSYKLIF;GLCTLVAML
CVVGMDSSYKLIF;GLCTLVAML
CVVNSINDYKLSF;GLCTLVAML
CVVNMPDDYKLSF;GLCTLVAML
CVASGGTGKLIF;RPRGEVRFL
CILRGSGTYKYIF;RPRGEVRFL
CLVGSVGAGSYQLTF;RPRGEVRFL
CAVSGEYGNKLVF;RPRGEVRFL
CAFGRGAQKLVF;RPRGEVRFL
CLVGPQGSSASKIIF;RPRGEVRFL
CATDPSNTGNQFYF;RPRGEVRFL
CAGVRGGADGLTF;RPRGEVRFL
CAFMKHASGGSNYKLTF;RPRGEVRFL
CLVGDKGSSASKIIF;RPRGEVRFL
CAEIAGGYNKLIF;RPRGEVRFL
CLVGASGAGSYQLTF;RPRGEVRFL
CALGGDYGGSQGNLIF;RPRGEVRFL
CALKISGSGYALNF;RPRGEVRFL
CAMREAGGFKTIF;RPRGEVRFL
CAVTTDSWGKLQF;LLFGYPVYV
CAAMEGAQKLVF;LLFGYPVYV
CILPLAGGTSYGKLTF;FLRGRAYGL
CAVRPTSGGSYIPTF;SLLMWITQV
CAVRPTSGGSYIPTF;SLLMWITQC
CIVVRSSNTGKLIF;VMAPRTLIL
CAVQASGGSYIPTF;EPLPQGQLTAY
CAVSGGYQKVTF;KAFSPEVIPMF
CIVWGGYQKVTF;EENLLDFVRF
CAMREDTGNQFYF;FLRGRAYGL
CAVNVAGKSTFIF;ELAGIGILTV
CILPLAGGTSYGKLTF;EEYLKAWTF
CILPLAGGTSYGKLTF;EEYLQAFTY
CAVQDLGTSGSRLTF;HPVGEADYFEY
CAGGTGNQFYF;ELAGIGILTV
CAGGTGNQFYF;AAGIGILTV
CVVRAGKLIF;FLRGRAYGL
CAMRGDSSYKLIF;ALWGPDPAAA
CAVGAPSGAGSYQLTF;RFPLTFGWCF
CAVRMDSSYKLIF;RYPLTFGWCF
CAVRMDSSYKLIF;RYPLTLGWCF
CAVSGGGADGLTF;ALGIGILTV
CAMRDLRDNFNKFYF;KRWIILGLNK
CAMRDLRDNFNKFYF;KRWIIMGLNK
CAVNDGGRLTF;ELAAIGILTV
CAVNDGGRLTF;ELAGIGALTV
CAVNDGGRLTF;ELAGIGILTV
CATDDDSARQLTF;TAFTIPSI
CAVDSATALPYGYIF;ILAKFLHWL
CAVQDLGTSGSRLTF;HPVGDADYFEY
CAVQDLGTSGSRLTF;HPVGQADYFEY
CAVNVAGKSTFIF;EAAGIGILTV
CALSDPVNDMRF;HSKKKCDEL
CAAVHDYKLSF;KLVALGINAV
CASYAGGTSYGKLTF;KLVALGINAV
CATHTGKLIF;KLVALGINAV
CAVGSNSGYALNF;KLVALGINAV
CAYGDDKIIF;KLVALGINAV
CAYLGGADGLTF;KLVALGINAV
CAYLVYDMRF;KLVALGINAV
CAYYGGSQGNLIF;KLVALGINAV
CAEIGTDKLIF;KLVALGINAV
CAHNTGNQFYF;KLVALGINAV
CAKTGANNLFF;KLVALGINAV
CARDAGNMLTF;KLVALGINAV
CAYFGGGADGLTF;KLVALGINAV
CAYGEDNDMRF;KLVALGINAV
CAYHGGGATNKLIF;KLVALGINAV
CAYKDTASKLTF;KLVALGINAV
CAYKPDTPLVF;KLVALGINAV
CAYNAGNMLTF;KLVALGINAV
CAYPGGGADGLTF;KLVALGINAV
CAYRDDKIIF;KLVALGINAV
CAYREGAQKLVF;KLVALGINAV
CAYREVNDMRF;KLVALGINAV
CAYVQDDKIIF;KLVALGINAV
CAYYGGNQFYF;KLVALGINAV
CVLMDSSYKLIF;KLVALGINAV
CADYNDYKLSF;KLVALGINAV
CAESEGKLIF;KLVALGINAV
CALTGYSTLTF;KLVALGINAV
CAMRGGSYIPTF;KLVALGINAV
CATYSGGGADGLTF;KLVALGINAV
CAVSDLEPNSSASKIIF;KLVALGINAV
CAYKDNDMRF;KLVALGINAV
CAYNDGNQFYF;KLVALGINAV
CAYRDDYKLSF;KLVALGINAV
CAYRTDNDMRF;KLVALGINAV
CIPEGRKLTF;KLVALGINAV
CADLNARLMF;KLVALGINAV
CAEGGGSYIPTF;KLVALGINAV
CAHDTGNQFYF;KLVALGINAV
CALLSSNTGKLIF;KLVALGINAV
CALSEPYSGAGSYQLTF;KLVALGINAV
CILDDNNDMRF;KLVALGINAV
CAVFMDSNYQLIW;KLVALGINAV
CAVEDTGGFKTIF;CINGVCWTV
CAASARGQAGTALIF;CINGVCWTV
CAMREHTSGTYKYIF;CINGVCWTV
CAENGGNTPLVF;CINGVCWTV
CAFMITGAGSYQLTF;CINGVCWTV
CALSVVNQAGTALIF;CINGVCWTV
CAETGGFKTIF;CINGVCWTV
CAFMKLESYMDSNYQLIW;CINGVCWTV
CALSESANSGGYQKVTF;CINGVCWTV
CASFPTTSGTYKYIF;CINGVCWTV
CAVDLTGAGSYQLTF;CINGVCWTV
CAVEPNSGYALNF;CINGVCWTV
CAVGAGPSGTYKYIF;CINGVCWTV
CAVQANTNAGKSTF;CINGVCWTV
CAVSNFMNSGYSTLTF;CINGVCWTV
CAYRGFYGGATNKLIF;CINGVCWTV
CAYRSLALIQGAQKLVF;CINGVCWTV
CAYRSLDLSGNTPLVF;CINGVCWTV
CAYRSLDVSRDDKIIF;CINGVCWTV
CAYRTLEGTYKYIF;CINGVCWTV
CAYRTTLSGGGADGLTF;CINGVCWTV
CGRTGFQKLVF;CINGVCWTV
CILSATTSGTYKYIF;CINGVCWTV
CIVRVPFLYNQGGKLIF;CINGVCWTV
CLVANGNNRLAF;CINGVCWTV
CLVARGGSYIPTF;CINGVCWTV
CLVASPSGGYNKLIF;CINGVCWTV
CLVEPPPGNGGFKTIF;CINGVCWTV
CLVGDGRGGSQGNLIF;CINGVCWTV
CLVGDGYGNNRLAF;CINGVCWTV
CLVGDLTNYQLIW;CINGVCWTV
CLVGDSGDRGSTLGRLYF;CINGVCWTV
CLVGDTSSGSARQLTF;CINGVCWTV
CLVGEAGGFKTIF;CINGVCWTV
CLVGEGDNYQLIW;CINGVCWTV
CLVGEGRGGMDSNYQLIW;CINGVCWTV
CLVGENNNARLMF;CINGVCWTV
CLVGETNAGKSTF;CINGVCWTV
CLVGGNNNDMRF;CINGVCWTV
CLVGGTGTASKLTF;CINGVCWTV
CLVGPGGFGNEKLTF;CINGVCWTV
CLVGVPAGNMLTF;CINGVCWTV
CLVGVPGSARQLTF;CINGVCWTV
CLVGVPLGGGGNKLTF;CINGVCWTV
CLVGVPNDYKLSF;CINGVCWTV
CLVGVYNQGGKLIF;CINGVCWTV
CLVNTNAGKSTF;CINGVCWTV
CLVTGSARQLTF;CINGVCWTV
CATDEDSARQLTF;TAFTIPSI
CATDDAGRRALTF;TAFTIPSI
CAERTGGGNKLTF;TAFTIPSI
CAAQRANRDDKIIF;TAFTIPSI
CAVSEGGATNKLIF;TAFTIPSI
CVVSERAGGYQKVTF;TAFTIPSI
CAVSRGGSNYKLTF;TAFTIPSI
CATDEAGRRALTF;TAFTIPSI
CATDVAGRRALTF;TAFTIPSI
CAMRGPNRDDKIIF;TAFTIPSI
CAVNNARLMF;ELAGIGLTV
CAVNSNTGNQFYF;ELAGIGLTV
CAVPPNTGNQFYF;ELAGIGLTV
CAIRDDKIIF;ELAGIGLTV
CAVRDDKIIF;ELAGIGLTV
CAMSGSNFGNEKLTF;ELAGIGLTV
CAMSRSNFGNEKLTF;ELAGIGLTV
CAVRGSNFGNEKLTF;ELAGIGLTV
CAFGGADGLTF;ELAGIGLTV
CAAGGADGLTF;ELAGIGLTV
CAGGGADGLTF;ELAGIGLTV
CALGGADGLTF;ELAGIGLTV
CARGGADGLTF;ELAGIGLTV
CASGGADGLTF;ELAGIGLTV
CAVGGADGLTF;ELAGIGLTV
CAAAASGGSYIPTF;EPLPQGQLTAY
CAVAASGGSYIPTF;EPLPQGQLTAY
CAVRDSGGSYIPTF;EPLPQGQLTAY
CAVRDFLLSGGYNKLIF;EPLPQGQLTAY
CAVRDLLRSGGYNKLIF;EPLPQGQLTAY
CAVANQAGTALIF;EPLPQGQLTAY
CAVRGRYTDKLIF;EPLPQGQLTAY
CAMREGGGGSNYKLTF;EPLPQGQLTAY
CAVHASGGSYIPTF;EPLPQGQLTAY
CAVQDSGGSYIPTF;EPLPQGQLTAY
CAVSSSGGSYIPTF;EPLPQGQLTAY
CAVSESGGSYIPTF;EPLPQGQLTAY
CAVKSSGGSYIPTF;EPLPQGQLTAY
CAVTSSGGSYIPTF;EPLPQGQLTAY
CAVRTSGGSYIPTF;EPLPQGQLTAY
CAVRASGGSYIPTF;EPLPQGQLTAY
CAVRATGGSYIPTF;EPLPQGQLTAY
CAAASSGGSYIPTF;EPLPQGQLTAY
CIVRAPGRADMRF;FLKEKGGL
CAVPSGAGSYQLTF;FLKEKGGL
CAYRPPGTYKYIF;FLKEKGGL
CIVRAPGRADMRF;FLKEQGGL
CAVPSGAGSYQLTF;FLKEQGGL
CIVRAPGRADMRF;FLKETGGL
CAVPSGAGSYQLTF;FLKETGGL
CIVRAPGRADMRF;FLKEMGGL
CAVPSGAGSYQLTF;FLKEMGGL
CAGSSGGSQGNLIF;GILGFVFTL
CAEDFNARLMF;GLCTLVAML
CAEDKDARLMF;GLCTLVAML
CALYSNSGYALNF;GLCTLVAML
CAEDQNARLMF;GLCTLVAML
CAVGASRDYKLSF;GLCTLVAML
CAYGGSQGNLIF;GLCTLVAML
CAEVSGTYKYIF;GLCTLVAML
CADPIEDAGNMLTF;GLCTLVAML
CAATDNTDKLIF;GLCTLVAML
CAGQSNAGGTSYGKLTF;CVNGSCFTV
CAPMDSNYQLIW;CVNGSCFTV
CALPYNAGNNRKLIW;CVNGSCFTV
CAEIHYGGSQGNLIF;CVNGSCFTV
CASLSGSARQLTF;CVNGSCFTV
CAVDILTGGGNKLTF;CVNGSCFTV
CAVPGNYGQNFVF;CVNGSCFTV
CAVGSYNTDKLIF;CVNGSCFTV
CAVSDSYNDMRF;CVNGSCFTV
CAENAGNMLTF;CVNGSCFTV
CLVGLYGGATNKLIF;CVNGSCFTV
CAVSRSYNTDKLIF;CVNGSCFTV
CAVQAWFSGGYNKLIF;CVNGSCFTV
CLVGAGNMLTF;CINGVCWTV
CAESGGSQGNLIF;CINGVCWTV
CAVSSLMDTGRRALTF;CINGVCWTV
CAMREDAGGTSYGKLTF;CINGVCWTV
CILRDLDGGTSYGKLTF;CINGVCWTV
CLVGDNNNDMRF;CINGVCWTV
CAYRSPLSGGGADGLTF;CINGVCWTV
CAYTSGTYKYIF;CINGVCWTV
CLKAGGFKTIF;CINGVCWTV
CAVGAGTNAGKSTF;CINGVCWTV
CAVADPREYGNKLVF;CINGVCWTV
CAESGGYQKVTF;CINGVCWTV
CLVGVPVGAGSYQLTF;CINGVCWTV
CLVVGDNYGQNFVF;CINGVCWTV
CAASARGNQGGKLIF;CINGVCWTV
CAYRSATFSGGGADGLTF;CINGVCWTV
CLVGEGDTGGFKTIF;CINGVCWTV
CLVGGGADGLTF;CINGVCWTV
CAMREFTSGTYKYIF;CINGVCWTV
CLVGSPNDYKLSF;CINGVCWTV
CAYSGIKAAGNKLTF;CINGVCWTV
CATETSNYQLIW;IPSINVHHY
CATEDSNYQLIW;IPSINVHHY
CVTEDSNYQLIW;IPSINVHHY
CAREDSNYQLIW;IPSINVHHY
CAYEGSNYQLIW;IPSINVHHY
CATEGSNYQLIW;IPSINVHHY
CAGAGGGSQGNLIF;GILGFVFTL
CAVSAVMDSSYKLIF;GILGFVFTL
CAGPSNTGKLIF;GILGFVFTL
CATDAWGGSEKLVF;GILGFVFTL
CAVVRGGADGLTF;GILGFVFTL
CAENMFQGGSEKLVF;GILGFVFTL
CAVSERESGGSNYKLTF;GILGFVFTL
CAVNKGGGSQGNLIF;GILGFVFTL
CASGGSQGNLIF;GILGFVFTL
CAVRAPLEYGNKLVF;GILGFVFTL
CAFMKGPGGTSYGKLTF;GILGFVFTL
CAYRSARDSSYKLIF;TPRVTGGGAM
CATVLRMDSSYKLIF;TPRVTGGGAM
CAENMGYGNKLVF;ELRRKMMYM
CAVNKGYGQNFVF;ELRRKMMYM
CAVRDSSYSGAGSYQLTF;QIKVRVDMV
CAVSDYGQNFVF;QIKVRVDMV
CATAQVYSGGGADGLTF;QIKVRVDMV
CVGNSYGQNFVF;QIKVRVDMV
CAVNDYGQNFVF;QIKVRVDMV
CAFMTLRGNTGTASKLTF;QIKVRVDMV
CAASSYGQNFVF;QIKVRVDMV
CAMREVLYNTDKLIF;RMFPNAPYL
CAASLYDKVIF;RMFPNAPYL
CAYWDSGYALNF;RMFPNAPYL
CAVNDQGGGADGLTF;RMFPNAPYL
CAVSEGGDYKLSF;RMFPNAPYL
CAMSLYYGGSQGNLIF;KIFGSLAFL
CAENSNTGNQFYF;GLCTLVAML
CAESIGKLIF;GLCTLVAML
CAEDQNAKLMF;GLCTLVAML
CAEDLNARLMF;GLCTLVAML
CAERRETDKLIF;GLCTLVAML
CAESSSRGKLIF;GLCTLVAML
CAEDAASTLTF;GLCTLVAML
CAESSGSQGNLIF;GLCTLVAML
CAEDADSTLTF;GLCTLVAML
CAADSNARLMF;GLCTLVAML
CAAGYSSASKIIF;GLCTLVAML
CAARFDSGYALNF;GLCTLVAML
CAARGDTGKLIF;GLCTLVAML
CAASDGAGGTSYGKLTF;GLCTLVAML
CAASRDYKLSF;GLCTLVAML
CADDNNARLMF;GLCTLVAML
CAEDAGNMLTF;GLCTLVAML
CAEDANARLMF;GLCTLVAML
CAEDDNARLMF;GLCTLVAML
CAEDNNPRLMF;GLCTLVAML
CAEDNNTRLMF;GLCTLVAML
CAEDNYGQNFVF;GLCTLVAML
CAEGGSGGSQGNLIF;GILGFVFTL
CAEIASGTYKYIF;GLCTLVAML
CAEKGGTALIF;GLCTLVAML
CAELGNDMRF;GLCTLVAML
CAENRCSTLTF;GLCTLVAML
CAENRYSTLTF;GLCTLVAML
CAESISGGKLIF;GLCTLVAML
CAESKGNLIF;GLCTLVAML
CAESLDMLTF;GLCTLVAML
CAESNADNNDMRF;GLCTLVAML
CAESQGNLIF;GLCTLVAML
CAESSRGKLIF;GLCTLVAML
CAESTCWGKLQF;GLCTLVAML
CAESTSRGNTPLVF;GLCTLVAML
CAESTSWGKLQF;GLCTLVAML
CAEYSSAFKIIF;GLCTLVAML
CAFSSNYQLIW;GILGFVFTL
CAGAPRTSGTYKYIF;GILGFVFTL
CAGDLVIYGGSQGNLIF;GILGFVFTL
CAGGRQTGANNLFF;GILGFVFTL
CAGPEGGYSGAGSYQLTF;GILGFVFTL
CAGVYGGSQGNLIF;GILGFVFTL
CAHDNNARLMF;GLCTLVAML
CAIDTGGFKTIF;NLVPMVATV
CALNPTGGGNKLTF;GLCTLVAML
CALPMNRDDKIIF;GLCTLVAML
CALRCFGNEKLTF;GLCTLVAML
CALSDLNQAGTALIF;GILGFVFTL
CALSDVGMNRDDKIIF;NLVPMVATV
CALSEAGRGGSYIPTF;GILGFVFTL
CAMREVMDSNYQLIW;GLCTLVAML
CAMRGDAGGTSYGKLTF;GILGFVFTL
CAMSERNKARLMF;GILGFVFTL
CAMSERNNARLMF;GILGFVFTL
CASDNNARLMF;GLCTLVAML
CASGGSQGNLIF;GLCTLVAML
CATDALGNGNEKLTF;GILGFVFTL
CAVAFGNQFYF;NLVPMVATV
CAVDDLYSNYQLIW;GLCTLVAML
CAVDDTGGGNKLTF;GLCTLVAML
CAVGEDSSYKLIF;GLCTLVAML
CAVINQAGTALIF;GILGFVFTL
CAVLRGGADGLTF;GLCTLVAML
CAVNIDNMDSNYQLIW;GLCTLVAML
CAVNIDTMDSNYQLIW;GLCTLVAML
CAVPAEGGYNKLIF;GLCTLVAML
CAVPKGSQGNLIF;GILGFVFTL
CAVPPDSWGKLQF;GILGFVFTL
CAVPPEGGYNKLIF;GLCTLVAML
CAVPVEGGYNKLIF;GLCTLVAML
CAVRATDSSYKLIF;NLVPMVATV
CAVRCFGNEKLTF;GLCTLVAML
CAVRVPDQTGANNLFF;GILGFVFTL
CAVSDDNDMRF;GILGFVFTL
CAVSVRMDSSYKLIF;GILGFVFTL
CAVSYGGSQGNLIF;GILGFVFTL
CAVTPGGGSQGNLIF;GILGFVFTL
CAVYSNSGYALNF;GLCTLVAML
CAYEVRDDKIIF;GILGFVFTL
CILGMDSSYKLIF;GLCTLVAML
CVVFKAAGNKLTF;GLCTLVAML
CVVSDEYGNKLVF;GLCTLVAML
CVVSRRTTGANNLFF;NLVPMVATV
CVVYMEYGNKLVF;GLCTLVAML
CAVGNNAGNMLTF;NEGVKAAW
CAAKTGGGNKLTF;NEGVKAAW
CAAKAGGGNKLTF;NEGVKAAW
CAAITGIGGSQGNLIF;NEGVKAAW
CAGTDGGATNKLIF;NEGVKAAW
CALSEAVSGGYQKVTF;NEGVKAAW
CAVGANAGNMLTF;NEGVKAAW
CVVSLTGFQKLVF;NEGVKAAW
CAGTEYRNKLVF;NEGVKAAW
CAVSESLVGTPLVF;NEGVKAAW
CAGQAGYGGSQGNLIF;NEGVKAAW
CVVSEAAGNKLTF;NEGVKAAW
CALRNNAGNMLTF;NEGVKAAW
CAANNAGNNRKLIW;NEGVKAAW
CAVSDSGTASKLTF;NEGVKAAW
CAYMANTGNQFYF;NEGVKAAW
CAVKTAYTGNQFYF;NEGVKAAW
CALRGYGGSQGNLIF;NEGVKAAW
CAVFDNYGQNFVF;NEGVKAAW
CAASGTDKLIF;NEGVKAAW
CAVDSATSGTYKYIF;NEGVKAAW
CAEISNYGGSQGNLIF;NEGVKAAW
CAVSDAGTASKLTF;NEGVKAAW
CALTDSGTYKYIF;NEGVKAAW
CAVGGGSQGNLIF;NEGVKAAW
CAVDSNYQLIW;NEGVKAAW
CVVSGTGFQKLVF;NEGVKAAW
CAGDRPGGKLIF;NEGVKAAW
CAVSSAAGNKLTF;NEGVKAAW
CAPLTQGGSEKLVF;NEGVKAAW
CAVSNYQLIW;NEGVKAAW
CAVTDNTDKLIF;NEGVKAAW
CAFMKLGMRF;NEGVKAAW
CVVNHAGGSYIPTF;NEGVKAAW
CALSNDYKLSF;NEGVKAAW
CAVYDSNYQLIW;NEGVKAAW
CALSESVYGGYQKVTF;NEGVKAAW
CAESMVDDKIIF;NEGVKAAW
CAGQEGYGGSQGNLIF;NEGVKAAW
CAARANDYKLSF;NEGVKAAW
CAGLFGNEKLTF;NEGVKAAW
CAVDTGNQFYF;NEGVKAAW
CAARGGDDKIIF;NEGVKAAW
CAVGAWNNARLMF;NEGVKAAW
CAEAPPFGNEKLTF;NEGVKAAW
CALSPMYSGGGADGLTF;NEGVKAAW
CAESPPFGNEKLTF;NEGVKAAW
CAGQPGAGGSQGNLIF;NEGVKAAW
CAASRDQGAQKLVF;NLVPMVATV
CAASILTGGGNKLTF;NLVPMVATV
CAGPMKTYDKVIF;NLVPMVATV
CAGVGTYKYIF;GILGFVFTL
CAGADSGSARQLTF;GILGFVFTL
CAGAHQGGKLIF;GILGFVFTL
CAATADRGSTLGRLYF;GILGFVFTL
CAAWGHYNQGGKLIF;GILGFVFTL
CAGAKGGGSQGNLIF;GILGFVFTL
CAGAWGEGSQGNLIF;GILGFVFTL
CAAWGMEYGNKLVF;GILGFVFTL
CVVNLFNAGNNRKLIW;GILGFVFTL
CAVNSADSGGYNKLIF;GILGFVFTL
CVVNTGGFKTIF;GILGFVFTL
CVVNISGNKLVF;GILGFVFTL
CVVNIGPMTSGTYKYIF;GILGFVFTL
CVVSQGYSTLTF;GILGFVFTL
CVVSLGGGYNKLIF;GILGFVFTL
CALMGSGGGADGLTF;GILGFVFTL
CAMTLKAAGNKLTF;GILGFVFTL
CAVGLTRLMF;GILGFVFTL
CAVKKRRDAGGTSYGKLTF;GILGFVFTL
CAVGGGGADGLTF;GILGFVFTL
CAVNLGGGSPGDLIF;GILGFVFTL
CARDSGGNTPLVF;GILGFVFTL
CARDGGGNAPLVF;GILGFVFTL
CASQGDSSYKLIF;GILGFVFTL
CAVRSGYSTLTF;GILGFVFTL
CAMSGGGFQKLVF;GILGFVFTL
CAGRFRTGGGADGLTF;GILGFVFTL
CVVNDYGGSQGNLIF;GILGFVFTL
CAVKEGAGSYQLTF;GILGFVFTL
CAVKRSENTGFQKLVF;GILGFVFTL
CAGAGGSSNTGKLIF;GILGFVFTL
CAGVNGSSNTGKLIF;GILGFVFTL
CAGPPSNTGKLIF;GILGFVFTL
CAGAYGSSNIGKLIF;GILGFVFTL
CAGASGSSDTGKLIF;GILGFVFTL
CARAIGSSNTGKLIF;GILGFVFTL
CAGASAGRRALTF;GILGFVFTL
CVGGGTKLIF;GILGFVFTL
CAVILRNSGNTPLVF;GILGFVFTL
CAMSAPDPGGGADGLTF;GILGFVFTL
CVVNHRDAGNNRKLIW;GILGFVFTL
CVVGLNRDDKIIF;GILGFVFTL
CAVNGGKIIF;GILGFVFTL
CAVKGGYGQNFVF;GILGFVFTL
CAAADDKIIF;LLWNGPMAV
CAACAEYGNKLVF;LLWNGPMAV
CAAIDDKIIF;LLWNGPMAV
CAAKDDKIIF;LLWNGPMAV
CAALDDKIIF;LLWNGPMAV
CAANDYKLSF;LLWNGPMAV
CAARANTDKLIF;LLWNGPMAV
CAARVGSSASKIIF;LLWNGPMAV
CAASGANNLFF;LLWNGPMAV
CAASGGSYIPTF;LLWNGPMAV
CAASSIQGAQKLVF;LLWNGPMAV
CAATGANNLFF;LLWNGPMAV
CAAVASKIIF;LLWNGPMAV
CAAVPIQGAQKLVF;LLWNGPMAV
CADHTGGFKTIF;LLWNGPMAV
CADSSYKLIF;LLWNGPMAV
CAETNQAGTALIF;LLWNGPMAV
CAETRGNNRLAF;LLWNGPMAV
CAFSGYALNF;LLWNGPMAV
CAGANEKLTF;LLWNGPMAV
CAGAPNTGNQFYF;LLWNGPMAV
CAGGAGTALIF;LLWNGPMAV
CAGGASKIIF;LLWNGPMAV
CAGGDSTLTF;LLWNGPMAV
CAGNDYKLSF;LLWNGPMAV
CAGPGTNAGKSTF;LLWNGPMAV
CAGPLDSNYQLIW;LLWNGPMAV
CAGSASKIIF;LLWNGPMAV
CAGSNARLMF;LLWNGPMAV
CAGVPYNNNDMRF;LLWNGPMAV
CAGYMDTGRRALTF;LLWNGPMAV
CAKSASKIIF;LLWNGPMAV
CALAPDKLIF;LLWNGPMAV
CALKDYGQNFVF;LLWNGPMAV
CALNDDKIIF;LLWNGPMAV
CALNTGGFKTIF;LLWNGPMAV
CALSGGYNKLIF;LLWNGPMAV
CALTGGKLIF;LLWNGPMAV
CALTPDYKLSF;LLWNGPMAV
CALWGFQKLVF;LLWNGPMAV
CAMSGGKLIF;LLWNGPMAV
CAPSGGKLIF;LLWNGPMAV
CARRGAAGNKLTF;LLWNGPMAV
CASEDDKIIF;LLWNGPMAV
CASGDDKIIF;LLWNGPMAV
CATDAQTGANNLFF;LLWNGPMAV
CATDATRDDKIIF;LLWNGPMAV
CATDDQGAQKLVF;LLWNGPMAV
CATDHQGAQKLVF;LLWNGPMAV
CATDPNTGGFKTIF;LLWNGPMAV
CATDRWDSNYQLIW;LLWNGPMAV
CATDSLSYNTDKLIF;LLWNGPMAV
CATGDDKIIF;LLWNGPMAV
CATSGTYKYIF;LLWNGPMAV
CAVAAYKYIF;LLWNGPMAV
CAVDEIKAAGNKLTF;LLWNGPMAV
CAVDMEYGNKLVF;LLWNGPMAV
CAVDSGNTPLVF;LLWNGPMAV
CAVDSTDKLIF;LLWNGPMAV
CAVEDDKIIF;LLWNGPMAV
CAVEGGKLIF;LLWNGPMAV
CAVEPVGGNTPLVF;LLWNGPMAV
CAVGADGLTF;LLWNGPMAV
CAVGAQKLVF;LLWNGPMAV
CAVGASKIIF;LLWNGPMAV
CAVGGGKLIF;LLWNGPMAV
CAVGNYQLIW;LLWNGPMAV
CAVGTYKYIF;LLWNGPMAV
CAVIAGKSTF;LLWNGPMAV
CAVIGDKIIF;LLWNGPMAV
CAVKDDKIIF;LLWNGPMAV
CAVKGDDKIIF;LLWNGPMAV
CAVMDDKIIF;LLWNGPMAV
CAVNAGKSTF;LLWNGPMAV
CAVNDYKLSF;LLWNGPMAV
CAVNEQSSGSARQLTF;LLWNGPMAV
CAVNGDTDKLIF;LLWNGPMAV
CAVNGNQFYF;LLWNGPMAV
CAVNNARLMF;LLWNGPMAV
CAVNPDGKLIF;LLWNGPMAV
CAVNPETSYDKVIF;LLWNGPMAV
CAVNQGGKLIF;LLWNGPMAV
CAVNRDDKIIF;LLWNGPMAV
CAVNSDKLIF;LLWNGPMAV
CAVNTDKLIF;LLWNGPMAV
CAVQADYGGATNKLIF;LLWNGPMAV
CAVRAYYGGSQGNLIF;LLWNGPMAV
CAVRTYNYGQNFVF;LLWNGPMAV
CAVSASKIIF;LLWNGPMAV
CAVSDDKIIF;LLWNGPMAV
CAVSDYKLSF;LLWNGPMAV
CAVSGDDMRF;LLWNGPMAV
CAVSGDKIIF;LLWNGPMAV
CAVSGGKLIF;LLWNGPMAV
CAVSGGKSTF;LLWNGPMAV
CAVSGNKLVF;LLWNGPMAV
CAVSGSARQLTF;LLWNGPMAV
CAVSGSASKIIF;LLWNGPMAV
CAVSGTYKYIF;LLWNGPMAV
CAVSGYSTLTF;LLWNGPMAV
CAVSNARLMF;LLWNGPMAV
CAVSPDKLIF;LLWNGPMAV
CAVSPHKVIF;LLWNGPMAV
CAVSSDKIIF;LLWNGPMAV
CAVSSNDYKLSF;LLWNGPMAV
CAVSSTDKLIF;LLWNGPMAV
CAVSTDKLIF;LLWNGPMAV
CAVSTDSGSARQLTF;LLWNGPMAV
CAVTASKLTF;LLWNGPMAV
CAVTGDDKIIF;LLWNGPMAV
CAVTGDKIIF;LLWNGPMAV
CAVTGDKLIF;LLWNGPMAV
CAVTGDQFYF;LLWNGPMAV
CAVTGNEKLTF;LLWNGPMAV
CAVTGNTDKLIF;LLWNGPMAV
CAVTGTYKYIF;LLWNGPMAV
CAVTGYALNF;LLWNGPMAV
CAVTGYSTLTF;LLWNGPMAV
CAVTKGLTGGGNKLTF;LLWNGPMAV
CAVTPDDKIIF;LLWNGPMAV
CAVTRNNDMRF;LLWNGPMAV
CAVTSARLMF;LLWNGPMAV
CAVTSDKLIF;LLWNGPMAV
CAVTTDKLIF;LLWNGPMAV
CAVVDPSDGYNKLIF;LLWNGPMAV
CAVVPNTGNQFYF;LLWNGPMAV
CILRDGWVTGYKYIF;LLWNGPMAV
CIVREWDNYGQNFVF;LLWNGPMAV
CLVGDNLDSSYKLIF;LLWNGPMAV
CLVGSPFPTSGTYKYIF;LLWNGPMAV
CVGAGSYQLTF;LLWNGPMAV
CVVADSKLTF;LLWNGPMAV
CVVEGDKVIF;LLWNGPMAV
CVVGDDKIIF;LLWNGPMAV
CVVHQWGNLIF;LLWNGPMAV
CVVIHDKIIF;LLWNGPMAV
CVVNAHDMRF;LLWNGPMAV
CVVNEKEGNMLTF;LLWNGPMAV
CVVNTDKLIF;LLWNGPMAV
CVVSAESGYSTLTF;LLWNGPMAV
CVVSDYKLSF;LLWNGPMAV
CVVSGFKTIF;LLWNGPMAV
CVVSSVRGSYIPTF;LLWNGPMAV
CVVSVGVLYSTLTF;LLWNGPMAV
CVVTDDKIIF;LLWNGPMAV
CAGPRQTSYDKVIF;NLVPMVATV
CAGPRKTSYDKVIF;NLVPMVATV
CAMRVPRAQGGSEKLVF;NLVPMVATV
CAVRDGGTGFQKLVF;HPVGEADYFEY
CAARGIGSGTYKYIF;HPVGEADYFEY
CAVQALGNAGNMLTF;HPVGEADYFEY
CAVQTLGNAGNMLTF;HPVGEADYFEY
CAVQALSNAGNMLTF;HPVGEADYFEY
CAVQALSNPGNMLTF;HPVGEADYFEY
CAVQALLNAGNMLTF;HPVGEADYFEY
CAVQALGAAGNKLTF;HPVGEADYFEY
CAVQELGTAGNKLTF;HPVGEADYFEY
CAVQVLVSAGNKLTF;HPVGEADYFEY
CAVQALADSSYKLIF;HPVGEADYFEY
CAVQALTDSSYKLIF;HPVGEADYFEY
CAARGIPSGTYKYIF;HPVGEADYFEY
CAAHPTGANSKLTF;HPVGEADYFEY
CAASEIFGSARQLTF;HPVGEADYFEY
CAASGASTGANNLFF;HPVGEADYFEY
CAANTGGFKTIF;NLVPMVATV
CAVRDETSGSRLTF;NLVPMVATV
CAFETQGGSEKLVF;NLVPMVATV
CAVRLDDRGSTLGRLYF;NLVPMVATV
CAVGPLRRYSTLTF;NLVPMVATV
CAAESGGSYIPTF;NLVPMVATV
CAPSNSNSGYALNF;NLVPMVATV
CAASEHAGNMLTF;NLVPMVATV
CAFPLDSSYKLIF;NLVPMVATV
CALGEPAGGTSYGKLTF;NLVPMVATV
CAVRDLGAPRDDKIIF;NLVPMVATV
CGTVMNYGGSQGNLIF;NLVPMVATV
CAAVEQAGTALIF;NLVPMVATV
CAGSEAGGYNKLIF;NLVPMVATV
CALRLAPDSNYQLIW;NLVPMVATV
CAVTNQAGTALIF;NLVPMVATV
CALSEQGGSEKLVF;NLVPMVATV
CAMRDEGRDDKIIF;NLVPMVATV
CAFGSNYQLIW;NLVPMVATV
CAVSPSNTGKLIF;NLVPMVATV
CVGRNTGFQKLVF;NLVPMVATV
CILSDDYKLSF;NLVPMVATV
CAVSPMDSSYKLIF;NLVPMVATV
CAMREGLFSGGYNKLIF;NLVPMVATV
CAVNMVTGGGNKLTF;NLVPMVATV
CGMLGNTGKLIF;NLVPMVATV
CAFTGGGNKLTF;NLVPMVATV
CAVPKSGGSYIPTF;NLVPMVATV
CAVRTISGGSYIPTF;NLVPMVATV
CALDTGNQFYF;NLVPMVATV
CVVQPKPNQTGANNLFF;NLVPMVATV
CAASRGTSYGKLTF;NLVPMVATV
CAVDPPFSGGYNKLIF;NLVPMVATV
CALGEVERYSTLTF;NLVPMVATV
CGSMDSSYKLIF;NLVPMVATV
CAYRTRLSGSARQLTF;NLVPMVATV
CAEGTMDSSYKLIF;NLVPMVATV
CVVLRGGYGQNFVF;NLVPMVATV
CAGAGLDSNYQLIW;NLVPMVATV
CAVINYGQNFVF;NLVPMVATV
CAASEGQFYF;NLVPMVATV
CAFPMNRDDKIIF;NLVPMVATV
CAAKSRFYNQGGKLIF;NLVPMVATV
CAITNSGYSTLTF;NLVPMVATV
CALSEGGGSYIPTF;NLVPMVATV
CAATGGSYIPTF;NLVPMVATV
CAVYHNYGQNFVF;NLVPMVATV
CAVRDMMAAGNKLTF;NLVPMVATV
CAVTSTGTASKLTF;NLVPMVATV
CAARHNARLMF;NLVPMVATV
CAGQGDGGATNKLIF;NLVPMVATV
CGADIIGNTGKLIF;NLVPMVATV
CAAFDSGNTGKLIF;NLVPMVATV
CVVPHASGGSYIPTF;NLVPMVATV
CAVPGTSGSARQLTF;NLVPMVATV
CGTADTDKLIF;NLVPMVATV
CAMRDDYGQNFVF;NLVPMVATV
CILKESSNTGKLIF;NLVPMVATV
CATDAWETSGSRLTF;NLVPMVATV
CAVQAIAAGNKLTF;NLVPMVATV
CALDIGTNAGKSTF;NLVPMVATV
CAVNAGGSYIPTF;NLVPMVATV
CVVFSGGYNKLIF;NLVPMVATV
CVVSGGGADGLTF;NLVPMVATV
CAVRVRDSNYQLIW;NLVPMVATV
CAVWVNAGNMLTF;NLVPMVATV
CALDTDNQFYF;NLVPMVATV
CAYRSFYTGTASKLTF;NLVPMVATV
CAVKGSGYALNF;NLVPMVATV
CAPQGDSNYQLIW;NLVPMVATV
CILRDDNAGGTSYGKLTF;NLVPMVATV
CAFDNYGQNFVF;NLVPMVATV
CAALRRRSNDYKLSF;NLVPMVATV
CAGPNFGNEKLTF;NLVPMVATV
CAVADSGGGADGLTF;NLVPMVATV
CAGVSGGYNKLIF;NLVPMVATV
CAGSDNFNKFYF;NLVPMVATV
CAVNARPARQLTF;NLVPMVATV
CAVRDRGSTLGRLYF;NLVPMVATV
CATVDNYGQNFVF;NLVPMVATV
CAMREVVGDSSYKLIF;NLVPMVATV
CAVKGNNARLMF;NLVPMVATV
CILRFPPPGYGNKLVF;NLVPMVATV
CASYTNAGKSTF;NLVPMVATV
CAMSYNQGGKLIF;NLVPMVATV
CALNTGGFKTIF;NLVPMVATV
CAASPNTGNQFYF;NLVPMVATV
CAVKNGGYQKVTF;NLVPMVATV
CAVLIYNTDKLIF;NLVPMVATV
CAMRELTNAGGTSYGKLTF;NLVPMVATV
CVVMMTGNQFYF;NLVPMVATV
CAERARRDDKIIF;NLVPMVATV
CAVKDDKIIF;NLVPMVATV
CALEEGNYGGSQGNLIF;NLVPMVATV
CAEKNKNRLAF;NLVPMVATV
CAGASAAGNKLTF;NLVPMVATV
CAARIKAAGNKLTF;NLVPMVATV
CAVPASGGSYIPTF;NLVPMVATV
CASEGYGQNFVF;NLVPMVATV
CALITWGAGGTSYGKLTF;NLVPMVATV
CADFTGGGNKLTF;NLVPMVATV
CAARTFGGADGLTF;NLVPMVATV
CATDPDSNYQLIW;NLVPMVATV
CAVRDNYGQNFVF;NLVPMVATV
CAVRVYSSASKIIF;NLVPMVATV
CAYRSSNNDMRF;NLVPMVATV
CLVVYTGGFKTIF;NLVPMVATV
CAFPYGGSQGNLIF;NLVPMVATV
CVVVKTSYDKVIF;NLVPMVATV
CAETRRSDYKLSF;NLVPMVATV
CAMTASGTYKYIF;NLVPMVATV
CVVSPGGGADGLTF;NLVPMVATV
CVYSRRDTGRRALTF;NLVPMVATV
CAVFYGGSQGNLIF;NLVPMVATV
CAFRGSNYQLIW;NLVPMVATV
CVVIPGGQAGTALIF;NLVPMVATV
CAVQAWLTGGGNKLTF;NLVPMVATV
CAATFSNQFYF;NLVPMVATV
CAVKGTDKLIF;NLVPMVATV
CALSEATGGSYIPTF;NLVPMVATV
CALPVRTGANNLFF;NLVPMVATV
CAGVSTNAGKSTF;NLVPMVATV
CATVPMDSSYKLIF;NLVPMVATV
CAASSSGSARQLTF;NLVPMVATV
CAATEEEYGNKLVF;NLVPMVATV
CIVRVEAGANNLFF;NLVPMVATV
CAFPSGYSTLTF;NLVPMVATV
CAERRANAGGTSYGKLTF;NLVPMVATV
CAPSRGYQKVTF;NLVPMVATV
CVVSGLTGGGNKLTF;NLVPMVATV
CAASSQGGKLIF;NLVPMVATV
CAVHTNAGKSTF;NLVPMVATV
CAVIIISNFGNEKLTF;NLVPMVATV
CAGQGYGGATNKLIF;NLVPMVATV
CAFRTGGATNKLIF;NLVPMVATV
CLVGDRGAGNMLTF;NLVPMVATV
CANFNGGNQFYF;NLVPMVATV
CGTPGNAGGTSYGKLTF;NLVPMVATV
CAVEYSGAGSYQLTF;NLVPMVATV
CAVDDSANDYKLSF;NLVPMVATV
CAGRRTDKLIF;NLVPMVATV
CVVLDPNAGGTSYGKLTF;NLVPMVATV
CAMSIGGSNYKLTF;NLVPMVATV
CAERVDQGGKLIF;NLVPMVATV
CAVRGGGTSYGKLTF;NLVPMVATV
CAVAVGGGNKLTF;NLVPMVATV
CAGPIGGGADGLTF;NLVPMVATV
CAVRPIYSNSGYALNF;NLVPMVATV
CAVNEGASSGGYQKVTF;NLVPMVATV
CALSDRYGGSQGNLIF;NLVPMVATV
CALSEISNFGNEKLTF;NLVPMVATV
CVVSDLGSSASKIIF;NLVPMVATV
CAVSDYSGGGSQGNLIF;NLVPMVATV
CVATFSGGYNKLIF;NLVPMVATV
CAAPVAPSGAGSYQLTF;NLVPMVATV
CAASYNNNDMRF;NLVPMVATV
CAMREFASGGSYIPTF;NLVPMVATV
CAFMNPRGSNYKLTF;NLVPMVATV
CVVNKLEYGNKLVF;NLVPMVATV
CAASIAEGGADGLTF;NLVPMVATV
CAMKHNYGQNFVF;NLVPMVATV
CALSENHDYKLSF;NLVPMVATV
CALSEVDSNYQLIW;NLVPMVATV
CAGPLRKLTF;NLVPMVATV
CASYYGGATNKLIF;NLVPMVATV
CAAHGNQGGKLIF;NLVPMVATV
CAVSSPSGGSYIPTF;NLVPMVATV
CVVSARNSGGGADGLTF;NLVPMVATV
CVVNGKDSSYKLIF;NLVPMVATV
CVVSHSSGSARQLTF;NLVPMVATV
CAAPSGSARQLTF;NLVPMVATV
CAASGISNFGNEKLTF;NLVPMVATV
CAEEQGDSNYQLIW;NLVPMVATV
CAENGAGGYNKLIF;NLVPMVATV
CALCQVGGSYIPTF;NLVPMVATV
CALSESPTGANNLFF;NLVPMVATV
CAAGGDSNYQLIW;NLVPMVATV
CAVDRDDKIIF;NLVPMVATV
CAVFTGANSKLTF;NLVPMVATV
CAFPSSGTYKYIF;NLVPMVATV
CAGGSNTGKLIF;NLVPMVATV
CIGEGGGADGLTF;NLVPMVATV
CAGAPITGANNLFF;NLVPMVATV
CAGGKGDSNYQLIW;NLVPMVATV
CAAILIGKLIF;NLVPMVATV
CAASAVMDSNYQLIW;NLVPMVATV
CAASEKEAGTASKLTF;NLVPMVATV
CAGRDNYGQNFVF;NLVPMVATV
CAGRPDSGTYKYIF;NLVPMVATV
CAYRSLYGQNFVF;NLVPMVATV
CAVRTGGGNKLTF;NLVPMVATV
CATDFNARLMF;NLVPMVATV
CAASHNNARLMF;NLVPMVATV
CASFQGGSEKLVF;NLVPMVATV
CAVTILSNNAGNMLTF;NLVPMVATV
CAGAEKVSMDSSYKLIF;NLVPMVATV
CILLRDTGFQKLVF;NLVPMVATV
CALFKGGADGLTF;NLVPMVATV
CAGAYLTQGGSEKLVF;NLVPMVATV
CAVTMDSSYKLIF;NLVPMVATV
CAMSGADTGFQKLVF;NLVPMVATV
CVVLRDSGAGSYQLTF;NLVPMVATV
CVVSDPPAGANNLFF;NLVPMVATV
CAGRRSGNTGKLIF;NLVPMVATV
CAVRGTGGFKTIF;NLVPMVATV
CAASRGTAGNKLTF;NLVPMVATV
CAENRNSGGSNYKLTF;NLVPMVATV
CAMREGQDFGNEKLTF;NLVPMVATV
CAASAVDGFQKLVF;NLVPMVATV
CVVSARSGGGADGLTF;NLVPMVATV
CVVAGNTGKLIF;NLVPMVATV
CAPTRGGYTGRRALTF;NLVPMVATV
CAVNMGRGSTLGRLYF;NLVPMVATV
CAMSVSNSGYALNF;NLVPMVATV
CAANFGNEKLTF;NLVPMVATV
CAASPRDNYGQNFVF;NLVPMVATV
CAETFNDYKLSF;NLVPMVATV
CAMRGNQAGTALIF;NLVPMVATV
CALSEAMVEYGNKLVF;NLVPMVATV
CAVRPGNTGKLIF;NLVPMVATV
CAVRFYGGATNKLIF;NLVPMVATV
CAGILAYKLSF;NLVPMVATV
CLLQGGSEKLVF;NLVPMVATV
CAYPNQAGTALIF;NLVPMVATV
CAVDQTGNQFYF;NLVPMVATV
CLVGDKGGGFKTIF;NLVPMVATV
CLVGDMGGGFKTIF;NLVPMVATV
CLLGCLTGANSKLTF;NLVPMVATV
CAEGVGTYKYIF;NLVPMVATV
CAEVSGNTGKLIF;NLVPMVATV
CAVNAGGYQKVTF;NLVPMVATV
CAVSRNNAGNMLTF;NLVPMVATV
CAGVFSNTGKLIF;NLVPMVATV
CAVNFGNMLTF;NLVPMVATV
CAASWRDNFNKFYF;NLVPMVATV
CVVTLPSGGSYIPTF;NLVPMVATV
CAVRGYNFNKFYF;NLVPMVATV
CAVSSDYKLSF;NLVPMVATV
CGAASQGGSEKLVF;NLVPMVATV
CVVSDRTNAGKSTF;NLVPMVATV
CAVGDDPGGFKTIF;NLVPMVATV
CATGTGANNLFF;NLVPMVATV
CAYAPSGTYKYIF;NLVPMVATV
CLMNRDDKIIF;NLVPMVATV
CVVAPSGGSYIPTF;NLVPMVATV
CAMRDSGTYKYIF;NLVPMVATV
CALGDPSSGTYKYIF;NLVPMVATV
CVDPMFSGGYNKLIF;NLVPMVATV
CAVSSGGYQKVTF;NLVPMVATV
CATDSNAGNNRKLIW;NLVPMVATV
CALSEIDSNYQLIW;NLVPMVATV
CIVRDDKIIF;NLVPMVATV
CAFLGAGSYQLTF;NLVPMVATV
CVVSEWDSGYSTLTF;NLVPMVATV
CALSDPTSGGYQKVTF;NLVPMVATV
CALSQGGGFKTIF;NLVPMVATV
CAHTGRRALTF;NLVPMVATV
CAAILLGDYKLSF;NLVPMVATV
CAGEAYNTNAGKSTF;NLVPMVATV
CAVVRWEISGSRLTF;NLVPMVATV
CVVHSGTALIF;NLVPMVATV
CAVTGYGQNFVF;NLVPMVATV
CAARGGYSGTYKYIF;NLVPMVATV
CAPQTGGFKTIF;NLVPMVATV
CALGEVATNKLIF;NLVPMVATV
CALSEAFPQGGSEKLVF;NLVPMVATV
CAVQASGATNKLIF;NLVPMVATV
CALVTGNQFYF;NLVPMVATV
CAGHMSYDKVIF;NLVPMVATV
CIVRAYGALTNFGNEKLTF;NLVPMVATV
CAGAIFVGNDKIIF;NLVPMVATV
CAAPIIQGAQKLVF;NLVPMVATV
CAVRDFTGGGNKLTF;NLVPMVATV
CGTVINYGGSQGNLIF;NLVPMVATV
CAYIGRDDKIIF;NLVPMVATV
CAVSEDARLMF;NLVPMVATV
CAYNGGTYKYIF;GILGFVFTL
CALGEETSGSRLTF;GILGFVFTL
CAETNNNAGNMLTF;GILGFVFTL
CATHNFNKFYF;GILGFVFTL
CAMREIDSSYKLIF;GILGFVFTL
CAAVYLRFGKLTF;GILGFVFTL
CALSGGGFKTIF;GILGFVFTL
CGTVGSNTGKLIF;GILGFVFTL
CAAAGANNLFF;GILGFVFTL
CAGAFGGGSQGNLIF;GILGFVFTL
CAGQDTNFGNEKLTF;GILGFVFTL
CAASDHNAGNMLTF;GILGFVFTL
CALNPQGDSNYQLIW;GILGFVFTL
CAVSPSDNYGQNFVF;GILGFVFTL
CAATPLSGGYNKLIF;GILGFVFTL
CALSGQTGANSKLTF;GILGFVFTL
CALSEAQGYSTLTF;GILGFVFTL
CAASGGGGSQGNLIF;GILGFVFTL
CAASWVVEQGGKLIF;GILGFVFTL
CAVDPGASGGSYIPTF;GILGFVFTL
CAGFTSGTYKYIF;GILGFVFTL
CAGLAGGSQGNLIF;GILGFVFTL
CAGPHGSSNTGKLIF;GILGFVFTL
CAVGAQGSSNTGKLIF;GILGFVFTL
CAGANTNAGKSTF;GILGFVFTL
CGTVPSNTGKLIF;GILGFVFTL
CAPYGGKLIF;GILGFVFTL
CAGSSGNTGKLIF;GILGFVFTL
CAVSDLVNYGGSQGNLIF;GILGFVFTL
CAMREGPTAGGTSYGKLTF;GILGFVFTL
CAVNPGSGGYNKLIF;GILGFVFTL
CAGPGDGGSQGNLIF;GILGFVFTL
CAYIEGAGGTSYGKLTF;GILGFVFTL
CAVQGGNDYKLSF;GILGFVFTL
CAEGGFKTIF;GILGFVFTL
CAYSSQGNNNARLMF;GILGFVFTL
CAGSGGGSQGNLIF;GILGFVFTL
CAFSAGGSYIPTF;GILGFVFTL
CAVSFMEYGNKLVF;GILGFVFTL
CAGQLDYGGSQGNLIF;GILGFVFTL
CASNFGNEKLTF;GILGFVFTL
CAVENYGGATNKLIF;GILGFVFTL
CARPPSNTGKLIF;GILGFVFTL
CAENSNTGKLIF;GILGFVFTL
CLGGGGGADGLTF;GILGFVFTL
CATDQVSRGETSGSRLTF;GILGFVFTL
CAVQPPSGTYKYIF;GILGFVFTL
CLLLDSGGGADGLTF;GILGFVFTL
CILRRNLMNNNAGNMLTF;GILGFVFTL
CAEDPGGTSYGKLTF;GILGFVFTL
CAVPRGSQGNLIF;GILGFVFTL
CVVNSENSGYALNF;GILGFVFTL
CAVNLGGTSYGKLTF;GILGFVFTL
CAVSNDYKLSF;GILGFVFTL
CAPPSNTGKLIF;GILGFVFTL
CAGAEGSSNTGKLIF;GILGFVFTL
CVVNRDNYGQNFVF;GILGFVFTL
CVVNSNSGYALNF;GILGFVFTL
CAATSGGSQGNLIF;GILGFVFTL
CAARFYHNDMRF;GILGFVFTL
CAVDGGNQFYF;GILGFVFTL
CAYNNAGNMLTF;GILGFVFTL
CAETSGTYKYIF;GILGFVFTL
CALSAPMIKAAGNKLTF;GILGFVFTL
CASYNFNKFYF;GILGFVFTL
CAMSGGGGSQGNLIF;GILGFVFTL
CASGGSNYKLTF;GILGFVFTL
CAGRGNYGQNFVF;GILGFVFTL
CAMREAQGDDKIIF;GILGFVFTL
CAVAPYFGNEKLTF;GILGFVFTL
CARWGGYNKLIF;GILGFVFTL
CATDAALEDDKIIF;GILGFVFTL
CAVEDQRDSNYQLIW;GILGFVFTL
CAASLLGGFKTIF;GILGFVFTL
CIAGERYGNKLVF;GILGFVFTL
CAAPRRSGGFKTIF;GILGFVFTL
CAVDKYYGGATNKLIF;GILGFVFTL
CAVFPETYGSGNTGKLIF;GILGFVFTL
CAVGVLPRNNNDMRF;GILGFVFTL
CAMREGGNGGGFKTIF;GILGFVFTL
CAVRDIYSGYALNF;GILGFVFTL
CAFKTTGNQFYF;GILGFVFTL
CAYRSFQGGSEKLVF;GILGFVFTL
CALGGSQGNLIF;GILGFVFTL
CAMREFRGSNYKLTF;GILGFVFTL
CVVSDYRNRDDKIIF;GILGFVFTL
CAVSPGAGAGSYQLTF;GILGFVFTL
CAVDLGGSTLGRLYF;GILGFVFTL
CAGGYGGSQGNLIF;GILGFVFTL
CAVQANAGKSTF;GILGFVFTL
CAATPFTGGGNKLTF;GILGFVFTL
CASPWGSSNTGKLIF;GILGFVFTL
CAVSDQPQTGANNLFF;GILGFVFTL
CAVRFMEYGNKLVF;GILGFVFTL
CAMSVIGGTSYGKLTF;GILGFVFTL
CALKSSGGFKTIF;GILGFVFTL
CVVTGYNNNDMRF;GILGFVFTL
CAVVNDYKLSF;GILGFVFTL
CALDTGGFKTIF;GILGFVFTL
CATGLDSNYQLIW;GILGFVFTL
CAVEDQRDPNYQLIW;GILGFVFTL
CAVRDPVASGGSYIPTF;GILGFVFTL
CAFMRPGGAQELVF;GILGFVFTL
CALSPILTGGGNKLTF;GILGFVFTL
CAYSENAGGTSYGKLTF;GILGFVFTL
CAASKRGSYIPTF;GILGFVFTL
CAGNTGNTGKLIF;GILGFVFTL
CAGLLFGGSQGNLIF;GILGFVFTL
CAPLGGGGADGLTF;GILGFVFTL
CAVSPIYNNARLMF;GILGFVFTL
CAGASGGSYIPTF;GILGFVFTL
CAGGGFSNTGKLIF;GILGFVFTL
CAASIRSGGDADGLTF;GILGFVFTL
CILRDHGSSNTGKLIF;GILGFVFTL
CAGPEPKKSSGDKLTF;GILGFVFTL
CAVGVETSYDKVIF;GILGFVFTL
CAVSDQTGANNLFF;GILGFVFTL
CAMREGIEGYSTLTF;GILGFVFTL
CAVSDGGRLMF;GILGFVFTL
CAMRAKNTGGFKTIF;GILGFVFTL
CAMSSGNTPLVF;GILGFVFTL
CAASFLRSRAGSYQLTF;GILGFVFTL
CAGAWKNNDMRF;GILGFVFTL
CAVRDMKTNAGKSTF;GILGFVFTL
CGTLPNNDYKLSF;GILGFVFTL
CAVSYDYKLSF;GILGFVFTL
CAASVDPGGAGSYQLTF;GILGFVFTL
CAGAHSSGNTGKLIF;GILGFVFTL
CALQGGSEKLVF;GILGFVFTL
CAVGYNQAGTALIF;GILGFVFTL
CAAFDRGSTLGRLYF;GILGFVFTL
CAVPPSMEYGNKLVF;GILGFVFTL
CALDLGGGSQGNLIF;GILGFVFTL
CAENISIPMNRDDKIIF;GILGFVFTL
CAALYTGANSKLTF;GILGFVFTL
CAVIRQANQAGTALIF;GILGFVFTL
CAGPPGSSNTGKLIF;GILGFVFTL
CAFMKGAGSTSYGKLTF;GILGFVFTL
CAERAGGGSQGNLIF;GILGFVFTL
CAGGDVRDDKIIF;GILGFVFTL
CAQPPSNTGKLIF;GILGFVFTL
CAVEGDSNSGYALNF;GILGFVFTL
CAMSGSGGGADGLTF;GILGFVFTL
CAPGGTNAGKSTF;GILGFVFTL
CIVRVPKAAGNKLTF;GILGFVFTL
CALSEGPGGYQKVTF;GILGFVFTL
CILRDIRDTGNQFYF;GILGFVFTL
CAASGGLSGYALNF;GILGFVFTL
CAALGGSQGNLIF;GILGFVFTL
CVVRQTGANNLFF;GILGFVFTL
CGYGGSQGNLIF;GILGFVFTL
CAASESYNKLIF;GILGFVFTL
CILFYNNARLMF;GILGFVFTL
CILSRGFGNEKLTF;GILGFVFTL
CAVRVHNAGKSTF;GILGFVFTL
CAFMKNAGGTSYGKLTF;GILGFVFTL
CAASINSGAGSYQLTF;GILGFVFTL
CGTSDGGSQGNLIF;GILGFVFTL
CAEGGYGGSQGNLIF;GILGFVFTL
CAVNRGERMDSNYQLIW;GILGFVFTL
CAASSLNTDKLIF;GILGFVFTL
CAEAEGGGSQGNLIF;GILGFVFTL
CAVLFGNEKLTF;GILGFVFTL
CAMFPEGFQKLVF;GILGFVFTL
CAVKAQAETALIF;GILGFVFTL
CGTEIGTHAGNMLTF;GILGFVFTL
CAGSGHGGSQGNLIF;GILGFVFTL
CALGGNAGGTSYGKLTF;GILGFVFTL
CAAPLQGNMLTF;GILGFVFTL
CAGELGSNTGKLIF;GILGFVFTL
CAAPSQGGSEKLVF;GILGFVFTL
CAYSESAGGTSYGKLTF;GILGFVFTL
CAANGGGSQGNLIF;GILGFVFTL
CALKNLIMIYNQRGKLIF;GILGFVFTL
CATYNNNDMRF;GILGFVFTL
CAASVAPPYSGAGSYQLTF;GILGFVFTL
CAYSLYNNNDMRF;GILGFVFTL
CGTCSNFGNEKLTF;GILGFVFTL
CGADEIGAGGTSYGKLTF;GILGFVFTL
CVVNSPGGYNKLIF;GILGFVFTL
CAASADSGYALNF;GILGFVFTL
CAVNLVRTGANNLFF;GILGFVFTL
CLLLHFWYGNEKLTF;GILGFVFTL
CAVGGPNQAGTALIF;GILGFVFTL
CVVAHWGNQGNLIF;GILGFVFTL
CAARSSNTGKLIF;GILGFVFTL
CAVDPTLNYGGSQGNLIF;GILGFVFTL
CAVAGGDYGGSQGNLIF;GILGFVFTL
CVVAHWGSQENLIF;GILGFVFTL
CAPGGGTDKLIF;GILGFVFTL
CAVMDSGYSTLTF;GILGFVFTL
CAMIPAGTALIF;GILGFVFTL
CAMSEDGGSQGNLIF;GILGFVFTL
CAADGEGGSQGNLIF;GILGFVFTL
CAAHNTGNQFYF;GILGFVFTL
CAASIGGGSQGNLIF;GILGFVFTL
CAMRVGTNAGKSTF;GILGFVFTL
CAGPNYGGSQGNLIF;GILGFVFTL
CAGANGGSQGNLIF;GILGFVFTL
CAASLTNTGNQFYF;GILGFVFTL
CASSGSSEYGNKLVF;GILGFVFTL
CAAPSSNTGKLIF;GILGFVFTL
CAGLYYGGSQGNLIF;GILGFVFTL
CAFMITYGGSEKLVF;GILGFVFTL
CAYMDGTASKLTF;GILGFVFTL
CLGGSGGSYIPTF;GILGFVFTL
CAVGATWRFPSNDYKLSF;GILGFVFTL
CIVRVGEYGNKLVF;NLVPMVATV
CAVAFGNMLTF;NLVPMVATV
CAGIPNSGGYQKVTF;NLVPMVATV
CALSGRGGGSYIPTF;GILGFVFTL
CIVRVEDNQGGKLIF;GILGFVFTL
CAASMFELPEGAQKLVF;GILGFVFTL
CIVRDGGSQGNLIF;GILGFVFTL
CAFMGNAGGTSYGKLTF;GILGFVFTL
CAGTYGGSQGNLIF;GILGFVFTL
CAFMGYNNNDMRF;GILGFVFTL
CAVGDNFNKFYF;AVFDRKSDAK
CAVSDITYKYIF;AVFDRKSDAK
CAVSGYNAGNMLTF;IVTDFSVIK
CAVNFAGGGADGLTF;IVTDFSVIK
CAGHAGNQFYF;IVTDFSVIK
CAASTNAGNNRKLIW;IVTDFSVIK
CALIQGAQKLVF;IVTDFSVIK
CAVFYSGGSNYKLTF;IVTDFSVIK
CAGQLRNNLFF;IVTDFSVIK
CALMVYGGSQGNLIF;IVTDFSVIK
CILRGGGADGLTF;EFFWDANDIY
CAVRDQEGNTPLVF;NLVPMVATV
CIRDNNNDMRF;NLVPMVATV
CALYNTDKLIF;GLCTLVAML
CAMREQEDSNYQLIW;GLCTLVAML
CAPYNFNKFYF;GILGFVFTL
CVVNKFDGSGNTGKLIF;GILGFVFTL
CAANGENNAGNMLTF;GILGFVFTL
CAYRADSNYQLIW;GILGFVFTL
CAARTRGSTLGRLYF;NLVPMVATV
CAMSSAGGTSYGKLTF;GLCTLVAML
CATSPPLTQGGSEKLVF;GLCTLVAML
CALSLSGYSTLTF;GLCTLVAML
CAVEHNTDKLIF;GLCTLVAML
CAVNSGYSTLTF;NLVPMVATV
CVVSEWAAGNKLTF;NLVPMVATV
CAPGNTGKLIF;NLVPMVATV
CATEIRMDSSYKLIF;TPRVTGGGAM
CATEGRMDSSYKLIF;TPRVTGGGAM
CATRPPGAGSYQLTF;TPRVTGGGAM
CATVSRMDSSYKLIF;TPRVTGGGAM
CADYYGQNFVF;NLVPMVATV
CAASIGDFGNEKLTF;RPHERNGFTVL
CAASGGYQKVTF;KAFSPEVIPMF
CAESGGYQKVTF;KAFSPEVIPMF
CAAYGGYQKVTF;KAFSPEVIPMF
CAVSGTYQKVTF;KAFSPEVIPMF
CAGSGGYQKVTF;KAFSPEVIPMF
CALSGGYQKVTF;KAFSPEVIPMF
CAMSGGYQKVTF;KAFSPEVIPMF
CAESPGGKLIF;KAFSPEVIPMF
CAESTGNQFYF;KAFSPEVIPMF
CAESTGYQKVTF;KAFSPEVIPMF
CAMRESISSGSARQLTF;KAFSPEVIPMF
CAMRESTSSGSARQLTF;KAFSPEVIPMF
CAMRESVSGANNLFF;KAFSPEVIPMF
CAMRESVSSGSARQLTF;KAFSPEVIPMF
CAMRDPRSKIIF;KAFSPEVIPMF
CAMRESVSGNNRLAF;KAFSPEVIPMF
CAMREGVNQGGKLIF;KAFSPEVIPMF
CAMRESVSGYNKLIF;KAFSPEVIPMF
CAASLNSGGYQKVTF;KAFSPEVIPMF
CAMRDSVAAGNKLTF;KAFSPEVIPMF
CAMRESVAGANNLFF;KAFSPEVIPMF
CAGMEYGNKLVF;GILGFVFTL
CAGASHENYGGSQGNLIF;GILGFVFTL
CASETGNQFYF;GILGFVFTL
CVASYGGSQGNLIF;GILGFVFTL
CAYTVLGNEKLTF;ELAGIGILTV
CAVAGYGGSQGNLIF;ELAGIGILTV
CAVSFGNEKLTF;ELAGIGILTV
CAVTHYGGSQGNLIF;ELAGIGILTV
CAGGGGGADGLTF;ELAGIGILTV
CAVTWGGKLIF;ELAGIGILTV
CAVNNARLMF;ELAGIGILTV
CAAGGSNYKLTF;ELAGIGILTV
CAGGGGADGLTF;ELAGIGILTV
CAVGRNAGNMLTF;ELAGIGILTV
CAAGGGADGLTF;ELAGIGILTV
CAVGGGADGLTF;ELAGIGILTV
CALGGNNRLAF;ELAGIGILTV
CAVNNNAGNMLTF;ELAGIGILTV
CALIDPGSGGGADGLTF;ELAGIGILTV
CAMDSSASKIIF;ELAGIGILTV
CAVNIPNDYKLSF;ELAGIGILTV
CAVRDARLMF;ELAGIGILTV
CVVKGPGGFKTIF;ELAGIGILTV
CALEGGGADGLTF;ELAGIGILTV
CAVIQDSNYQLIW;ELAGIGILTV
CAGLSGSARQLTF;ELAGIGILTV
CAENPSSNTGKLIF;ELAGIGILTV
CAVKVADKLIF;ELAGIGILTV
CAVDTGFQKLVF;ELAGIGILTV
CAVNKGGSEKLVF;ELAGIGILTV
CAVNMGFQKLVF;ELAGIGILTV
CAVEIIQGAQKLVF;ELAGIGILTV
CAAGTASKLTF;ELAGIGILTV
CAVRDDKIIF;ELAGIGILTV
CAVNTGFQKLVF;ELAGIGILTV
CAEGGRGGNKLTF;ELAGIGILTV
CAVNSFLGAGGTSYGKLTF;ELAGIGILTV
CAVGMNNDMRF;ELAGIGILTV
CAAPEAGGTSYGKLTF;ELAGIGILTV
CAVIARGDQFYF;ELAGIGILTV
CAVTLSNFGNEKLTF;ELAGIGILTV
CAMTRSNFGNEKLTF;ELAGIGILTV
CAMTQSNFGNEKLTF;ELAGIGILTV
CALGNTGKLIF;YVLDHLIVV
CAVKDTDKLIF;YVLDHLIVV
CAVFEGTGGFKTIF;YVLDHLIVV
CAVKGGADGLTF;YVLDHLIVV
CAVSNQAGTALIF;YVLDHLIVV
CAVNDGNNRLAF;YVLDHLIVV
CAVRDILASGTYKYIF;YVLDHLIVV
CAMREGGNFNKFYF;YVLDHLIVV
CALKAAGNKLTF;YVLDHLIVV
CAASFTQNGLTF;QVPLRPMTYK
CAVVAQGGSEKLVF;QVPLRPMTYK
CAVSDPGFKTIF;QVPLRPMTYK
CAVLTPLEGGKLIF;QVPLRPMTYK
CGTENSGGYQKVTF;QVPLRPMTYK
CALSAPSGGYQKVTF;QVPLRPMTYK
CAADYFQKLVF;QVPLRPMTYK
CAVDAGNNRKLIW;QVPLRPMTYK
CVAWGGYSSASKIIF;YSEHPTFTSQY
CAERGWDNDMRF;IPSINVHHY
CAVNYGNTPLVF;FLRGRAYGL
CAMREVNDYKLSF;FLRGRAYGL
CAVDTGTYKYIF;FLRGRAYGL
CILRDVFPSGSARQLTF;FLRGRAYGL
CAGLGSNDYKLSF;FLRGRAYGL
CAPSGGSYIPTF;KRWIILGLNK
CLVVIPGAGSYQLTF;KRWIILGLNK
CAPSGGSYIPTF;KRWIIMGLNK
CAEISASGGSYIPTF;KRWIIMGLNK
CLVVIPGAGSYQLTF;KRWIIMGLNK
CAMREAWDNFNKFYF;KRWIIMGLNK
CAEKNFNKFYF;KRWIIMGLNK
CAEILPTSGGSYIPTF;KRWIIMGLNK
CAMSRYSGYSTLTF;KRWIILGLNK
CALIHLANQAGTALIF;KRWIILGLNK
CAAGGGSYIPTF;KRWIILGLNK
CAMSRYSGYSTLTF;KRWIIMGLNK
CAMDPGYSSASKIIF;KRWIIMGLNK
CALSDLNQAGTALIF;KRWIIMGLNK
CAMREASGGSYIPTF;KRWIIMGLNK
CAMRTVTDNFNKFYF;KRWIIMGLNK
CAAGGGSYIPTF;KRWIIMGLNK
CAVNPGNQFYF;LLLGIGILV
CAVGDDKIIF;LLLGIGILV
CAGNNYGQNFVF;LLLGIGILV
CLVGDPPYTGGFKTIF;LLLGIGILV
CAVNTGNQFYF;LLLGIGILV
CAVNGYKLSF;LLLGIGILV
CAVSRGGYNKLIF;LLLGIGILV
CAMSGMNRDDKIIF;LLLGIGILV
CAVGTGNQFYF;LLLGIGILV
CVVNHGANNLFF;LLLGIGILV
CATGGAGSYQLTF;LLLGIGILV
CAVRDDKIIF;LLLGIGILV
CAGQGIGAGSYQLTF;LLLGIGILV
CAVNNARLMF;LLLGIGILV
CAGNTGNQFYF;LLLGIGILV
CAASTGTASKLTF;LLLGIGILV
CAETPGSQGNLIF;LLLGIGILV
CAVGSGNKLVF;LLLGIGILV
CAVNGGNDMRF;LLLGIGILV
CAMSRSSNTGKLIF;LLLGIGILV
CVDDNNAGNMLTF;LLLGIGILV
CAASISNGNKLVF;LLLGIGILV
CASGGGADGLTF;LLLGIGILV
CAVRGGADGLTF;LLLGIGILV
CAIGGGADGLTF;LLLGIGILV
CAVGSGGKLIF;LLLGIGILV
CAGVTGNQFYF;LLLGIGILV
CAVSGTYKYIF;LLLGIGILV
CAYRSAIKAAGNKLTF;LLLGIGILV
CAVTAGGGNKLTF;LLLGIGILV
CVVDPGGGADGLTF;LLLGIGILV
CVVTLSNFGNEKLTF;LLLGIGILV
CALKVNTGTASKLTF;LLLGIGILV
CAMREGGNAGNMLTF;LLLGIGILV
CAVGGSGNRLAF;LLLGIGILV
CADGNAGNMLTF;LLLGIGILV
CATDGYNNNDMRF;LLLGIGILV
CAGFNTDKLIF;LLLGIGILV
CAEKGNAGNNRKLIW;LLLGIGILV
CAVGAGIRQKVTF;LLLGIGILV
CAYRSAQGGSEKLVF;LLLGIGILV
CAVPTSGSARQLTF;LLLGIGILV
CAYRSQNYGGSQGNLIF;LLLGIGILV
CATVGNSGYSTLTF;LLLGIGILV
CAGSNAGGTSYGKLTF;LLLGIGILV
CAEGGGYQKVTF;LLLGIGILV
CVVAISNFGNEKLTF;LLLGIGILV
CAAGGGADGLTF;LLLGIGILV
CVVAVSNFGNEKLTF;LLLGIGILV
CAMGGGGADGLTF;LLLGIGILV
CAAPNSGGGADGLTF;LLLGIGILV
CAPGGGSGTYKYIF;LLLGIGILV
CAMSVSNFGNEKLTF;LLLGIGILV
CASRRDDKIIF;LLLGIGILV
CAGHSNYQLIW;LLLGIGILV
CVGEYGNKLVF;LLLGIGILV
CAMSLSNFGNEKLTF;LLLGIGILV
CAGPDAGKSTF;LLLGIGILV
CVVGISNFGNEKLTF;LLLGIGILV
CAVPDNNNDMRF;LLLGIGILV
CAVDSGGGADGLTF;LLLGIGILV
CAVNGWGNQFYF;LLLGIGILV
CAVTGGYQKVTF;LLLGIGILV
CAVNPTEGNTPLVF;LLLGIGILV
CAGNNAGNMLTF;LLLGIGILV
CAVPGTASKLTF;LLLGIGILV
CAFPMEGAQKLVF;LLLGIGILV
CAMKLSNFGNEKLTF;LLLGIGILV
CVGAISNFGNEKLTF;LLLGIGILV
CAAPEETGGFKTIF;LLLGIGILV
CAVSGGGADGLTF;LLLGIGILV
CAMSESNFGNEKLTF;LLLGIGILV
CAVNGNNRLAF;LLLGIGILV
CAHAFGENNNARLMF;LLLGIGILV
CALGGGADGLTF;LLLGIGILV
CAPNIKAAGNKLTF;LLLGIGILV
CAVPSYGNNRLAF;LLLGIGILV
CLSGGGADGLTF;LLLGIGILV
CADLTGTYKYIF;LLLGIGILV
CAVGGGADGLTF;LLLGIGILV
CAAPARQNFVF;LLLGIGILV
CATEGNSGYSTLTF;LLLGIGILV
CALMNRDDKIIF;LLLGIGILV
CAVSPGGGADGLTF;LLLGIGILV
CVVARSNFGNEKLTF;LLLGIGILV
CIVRVAEVDSSYKLIF;LLLGIGILV
CAMSTSNFGNEKLTF;LLLGIGILV
CAVSLYQTGANNLFF;LLLGIGILV
CAVEIHSGNTPLVF;LLLGIGILV
CVSSLSNFGNEKLTF;LLLGIGILV
CAMGLGYQKVTF;LLLGIGILV
CAVSPGARLMF;LLLGIGILV
CAWGGSEKLVF;LLLGIGILV
CAYRSSDSNYQLIW;LLLGIGILV
CAVGAGGGADGLTF;LLLGIGILV
CAVPNFGNEKLTF;LLLGIGILV
CAMIDGYNFGNEKLTF;LLLGIGILV
CAVGGAGTALIF;LLLGIGILV
CAMSRSNFGNEKLTF;LLLGIGILV
CAVNVYGQNFVF;LLLGIGILV
CAASVSNFGNEKLTF;LLLGIGILV
CAMSYSALTGGGNKLTF;LLLGIGILV
CAMSASNFGNEKLTF;LLLGIGILV
CAVSVRGAQKLVF;LLLGIGILV
CAVGGSARQLTF;LLLGIGILV
CAVGGNARLMF;LLLGIGILV
CAVNPGGTSYGKLTF;LLLGIGILV
CALYSGGGADGLTF;LLLGIGILV
CAVHNAGNMLTF;LLLGIGILV
CAVNQAGTALIF;LLLGIGILV
CVVNIGTGRRALTF;LLLGIGILV
CAYRSAYTGNQFYF;LLLGIGILV
CAVGGNEKLTF;LLLGIGILV
CAVGGLTGTASKLTF;LLLGIGILV
CAAGAGGYNKLIF;LLLGIGILV
CAVEPNNAGNMLTF;LLLGIGILV
CVVSSGGGADGLTF;LLLGIGILV
CATDQGGADGLTF;LLLGIGILV
CAARGREAAGNKLTF;LLLGIGILV
CAVPCSNDYKLSF;LLLGIGILV
CAERYAGNMLTF;LLLGIGILV
CALSPGNQFYF;LLLGIGILV
CAVNNYGQNFVF;LLLGIGILV
CAYRSGTLEQGAQKLVF;LLLGIGILV
CAVTNYGGSQGNLIF;LLLGIGILV
CGTGAGGTSYGKLTF;LLLGIGILV
CAVNRGSYIPTF;LLLGIGILV
CAVNIVGNDMRF;LLLGIGILV
CVVSISNFGNEKLTF;LLLGIGILV
CAMGRANFGNEKLTF;LLLGIGILV
CAVTGGGADGLTF;LLLGIGILV
CAVGGGGADGLTF;LLLGIGILV
CAVNKLQDRLAF;LLLGIGILV
CVVNPSNFGNEKLTF;LLLGIGILV
CAFSGGGADGLTF;LLLGIGILV
CAVSAGQNFVF;LLLGIGILV
CAVNNYDMRF;LLLGIGILV
CAVPCKAAGNKLTF;LLLGIGILV
CAAVNQAGTALIF;LLLGIGILV
CAVGGFGNEKLTF;LLLGIGILV
CAVNYSGGGADGLTF;LLLGIGILV
CATEGGSGYSTLTF;LLLGIGILV
CALNRDDKIIF;LLLGIGILV
CAMSISFFGNEKLTF;LLLGIGILV
CAMSKSNFGNEKLTF;LLLGIGILV
CAMGPGGYNKLIF;LLLGIGILV
CAVSNDYKLSF;LLLGIGILV
CAVGDFTGGGNKLTF;LLLGIGILV
CAVKWSNFGNEKLTF;LLLGIGILV
CAESTFNNDMRF;LLLGIGILV
CAPNGYSTLTF;LLLGIGILV
CAVNPDQTGANNLFF;LLLGIGILV
CAPNWGYNKLIF;LLLGIGILV
CASGGAAGNKLTF;LLLGIGILV
CAASGGGADGLTF;LLLGIGILV
CAEIQDPNSGGYQKVTF;LLLGIGILV
CAVEGNNARLMF;LLLGIGILV
CAVSWGYQKVTF;LLLGIGILV
CAVGGTGKLIF;LLLGIGILV
CVVSPSNFGNEKLTF;LLLGIGILV
CVESISNFGNEKLTF;LLLGIGILV
CASPAGNTPLVF;LLLGIGILV
CAVGESNYQLIW;LLLGIGILV
CAVNSGGNQFYF;LLLGIGILV
CVVQISNFGNEKLTF;LLLGIGILV
CAVGGGYQKVTF;LLLGIGILV
CAVNPGGRLMF;LLLGIGILV
CATYRGGSEKLVF;LLLGIGILV
CAVNTGNNAGNMLTF;LLLGIGILV
CVVNGGGADGLTF;LLLGIGILV
CAVGNTGNQFYF;LLLGIGILV
CAVNRGAQKLVF;LLLGIGILV
CVVGGGADGLTF;LLLGIGILV
CASNTNAGKSTF;LLLGIGILV
CAASAAISGNTGKLIF;LLLGIGILV
CAAHPNQGGSEKLVF;LLLGIGILV
CAGAPINTGNQFYF;LLLGIGILV
CAPGEGADGLTF;LLLGIGILV
CAVGGNTNAGKSTF;LLLGIGILV
CAETRPGGSYIPTF;LLLGIGILV
CAVDPNTGNQFYF;LLLGIGILV
CAVPGGRKNSGGYQKVTF;LLLGIGILV
CAVIGFSGGGADGLTF;LLLGIGILV
CVVTAGGGNKLTF;LLLGIGILV
CAATDQAGTALIF;LLLGIGILV
CGTERTGGFKTIF;LLLGIGILV
CAFGGGADGLTF;LLLGIGILV
CAVKSAGNMLTF;LLLGIGILV
CASQGGKLIF;LLLGIGILV
CAVSRTPNSNSGYALNF;LLLGIGILV
CAMSFTGGGNKLTF;LLLGIGILV
CAVHAGGYNKLIF;LLLGIGILV
CALTGTASKLTF;LLLGIGILV
CAMSRMNTGFQKLVF;LLLGIGILV
CAMSQSNFGNEKLTF;LLLGIGILV
CAVTWGLGNKLVF;LLLGIGILV
CAGGYSTLTF;LLLGIGILV
CAAAISNFGNEKLTF;LLLGIGILV
CAVGAGGGNKLTF;LLLGIGILV
CAVNPLYGQNFVF;LLLGIGILV
CVVSVWDDKIIF;LLLGIGILV
CASELLTGTASKLTF;LLLGIGILV
CAVTRSNFGNEKLTF;LLLGIGILV
CAMSEGTGRRALTF;LLLGIGILV
CAVRENGNNRLAF;LLLGIGILV
CAVANQAGTALIF;LLLGIGILV
CAVKRDGGFKTIF;LLLGIGILV
CALGAGSYQLTF;LLLGIGILV
CAPGAGYSTLTF;LLLGIGILV
CAVGGSGNKLTF;LLLGIGILV
CAVGGGGFKTIF;LLLGIGILV
CAVNMWDNDMRF;LLLGIGILV
CAEKKNYGGSQGNLIF;LLLGIGILV
CAMSRGNFGNEKLTF;LLLGIGILV
CAVNLDTNAGKSTF;LLLGIGILV
CAVNSGGGADGLTF;LLLGIGILV
CAVTPGTGNQFYF;LLLGIGILV
CAVTKGYSTLTF;LLLGIGILV
CAARVGGFKTIF;LLLGIGILV
CALSEGSFYGGSQGNLIF;LLLGIGILV
CVVNWGGGGADGLTF;LLLGIGILV
CAMILANFGNEKLTF;LLLGIGILV
CATDGNSGYSTLTF;LLLGIGILV
CVYSGGGADGLTF;LLLGIGILV
CAVGPGGYQKVTF;LLLGIGILV
CAVHPTDKLIF;LLLGIGILV
CAVTKSNFGNEKLTF;LLLGIGILV
CAVNEGGGADGLTF;LLLGIGILV
CAGGNNNAGNMLTF;LLLGIGILV
CVVGAGIRQKVTF;LLLGIGILV
CVVNWGGADGLTF;LLLGIGILV
CAVGGSGRRALTF;LLLGIGILV
CAEKGNAGNMLTF;LLLGIGILV
CVGEYGNEKLTF;LLLGIGILV
CAGGGDDKIIF;LLLGIGILV
CAVSDRRRGSNYKLTF;LLLGIGILV
CAVKKSNFGNEKLTF;LLLGIGILV
CAASISNFGNEKLTF;LLLGIGILV
CIVQYSGAGSYQLTF;LLLGIGILV
CAVTAGGGADGLTF;LLLGIGILV
CAVSSGGGADGLTF;LLLGIGILV
CAVNLNTNAGKSTF;LLLGIGILV
CAVSTGANNLFF;LLLGIGILV
CAVIAGNQFYF;LLLGIGILV
CAGFNTYKYIF;LLLGIGILV
CVVSLGNTDKLIF;LLLGIGILV
CILRDDNDMRF;LLLGIGILV
CAAPRGNRDDKIIF;LLLGIGILV
CAVSNTGNQFYF;LLLGIGILV
CAVRDSNYQLIW;LLLGIGILV
CAMRESLNSGYALNF;LLLGIGILV
CAVLDSNYQLIW;LLLGIGILV
CAVMDSSYKLIF;LLLGIGILV
CAVMDSNYQLIW;LLLGIGILV
CAGISNTGNQFYF;LLLGIGILV
CAVTDSNYQLIW;LLLGIGILV
CAGMDSNYQLIW;LLLGIGILV
CAASIRGILTGGGNKLTF;LLLGIGILV
CVVQDSNYQLIW;LLLGIGILV
CAALPGGYQKVTF;LLLGIGILV
CAVKGGNDMRF;LLLGIGILV
CASYLYSNYQLIW;LLLGIGILV
CAVRRDDKIIF;LLLGIGILV
CVVSGVDYKLSF;LLLGIGILV
CAYRSADTGNQFYF;LLLGIGILV
CVVSAGREYGNKLVF;LLLGIGILV
CAVMFDNAGNMLTF;LLLGIGILV
CARSSNDYKLSF;LLLGIGILV
CAVRGGSYIPTF;LLLGIGILV
CLVGDIELSASKIIF;LLLGIGILV
CAVQEGGSEKLVF;LLLGIGILV
CAMGISNFGNEKLTF;LLLGIGILV
CAAPPGAGSYQLTF;LLLGIGILV
CATDTGGFKTIF;LLLGIGILV
CAVTDSSYKLIF;LLLGIGILV
CAVVTGNQFYF;LLLGIGILV
CAMREDVQAGTALIF;LLLGIGILV
CATSLGGQNFVF;LLLGIGILV
CVLPGGGNKLTF;LLLGIGILV
CAVRDQNAGKSTF;LLLGIGILV
CAMAGNTGKLIF;LLLGIGILV
CADNYGQNFVF;LLLGIGILV
CAMSISNFGNEKLTF;LLLGIGILV
CAGAGTGNQFYF;LLLGIGILV
CAVRDNYGQNFVF;LLLGIGILV
CAASEGSTLGRLYF;LLLGIGILV
CAMREDYSGGGADGLTF;LLLGIGILV
CATEGDSGYSTLTF;LLLGIGILV
CAVPLRGGKLIF;LLLGIGILV
CAEGNTPLVF;LLLGIGILV
CAVAPSKAAGNKLTF;LLLGIGILV
CAATSSGAGSYQLTF;LLLGIGILV
CAVKRGSYIPTF;LLLGIGILV
CAYMDSNYQLIW;LLLGIGILV
CAVTFWGGGSQGNLIF;LLLGIGILV
CAVSDGPAPRNNNARLMF;LLLGIGILV
CAPHYTGNQFYF;LLLGIGILV
CIVRVLGNQFYF;LLLGIGILV
CAMQISNFGNEKLTF;LLLGIGILV
CAVRETSYDKVIF;LLLGIGILV
CAVTSGGYNKLIF;LLLGIGILV
CVVNDFRGNTPLVF;LLLGIGILV
CAMRVDTGFQKLVF;LLLGIGILV
CAMREGPPMGDSSYKLIF;LLLGIGILV
CAVTQAGTALIF;LLLGIGILV
CAHVGNMDTGRRALTF;LLLGIGILV
CALSERRSSGSARQLTF;LLLGIGILV
CAENSRANFGNEKLTF;LLLGIGILV
CAVNMGTNAGKSTF;LLLGIGILV
CAVSGTGNQFYF;LLLGIGILV
CAVNAGNMLTF;LLLGIGILV
CAMREGPSGTYKYIF;LLLGIGILV
CAVQAGTGANNLFF;LLLGIGILV
CATEGASGYSTLTF;LLLGIGILV
CAAPQGGKLIF;LLLGIGILV
CAVGGGKLIF;LLLGIGILV
CAVPTGGFKTIF;LLLGIGILV
CAVNAQGGTASKLTF;LLLGIGILV
CASPRGGADGLTF;LLLGIGILV
CASTLGGYNKLIF;LLLGIGILV
CAVNQGGKLIF;LLLGIGILV
CAVASYGQNFVF;LLLGIGILV
CAVSPWGQNFVF;LLLGIGILV
CAVSAAYSGGGADGLTF;LLLGIGILV
CAGGNAGGTSYGKLTF;LLLGIGILV
CILRPYSGGGADGLTF;LLLGIGILV
CAVSLSNFGNEKLTF;LLLGIGILV
CVVTLGGYNKLIF;LLLGIGILV
CAVSGNAGGTSYGKLTF;LLLGIGILV
CAVSDQARGSTLGRLYF;LLLGIGILV
CAVTGANNLFF;VAANIVLTV
CAGTRNNLFF;VAANIVLTV
CAGGSNDYKLSF;VAANIVLTV
CALSEATYNQGGKLIF;VAANIVLTV
CAMREGLTGGFKTIF;VAANIVLTV
CALSPAETSDYKLSF;VAANIVLTV
CAVDMGNTPLVF;VAANIVLTV
CALRSGYALNF;VAANIVLTV
CAVRDIFNAGNMLTF;VAANIVLTV
CAFYSGGGADGLTF;VAANIVLTV
CAASGTLTTSGTYKYIF;VAANIVLTV
CAVVRTQGGSEKLVF;VAANIVLTV
CAGILSYGQNFVF;VAANIVLTV
CLLMEYGNKLVF;VAANIVLTV
CAFFPYGQNFVF;VAANIVLTV
CAVSMYSGGGADGLTF;KLSALGINAV
CAYRQGAQKLVF;KLSALGINAV
CAFPQGAQKLVF;KLSALGINAV
CASTYSGAGSYQLTF;KLSALGINAV
CAYSGGNQFYF;KLSALGINAV
CAYHPGNQFYF;KLSALGINAV
CAVEEDTGRRALTF;KLSALGINAV
CAVKRSNDYKLSF;KLSALGINAV
CASLQNYGGSQGNLIF;KLSALGINAV
CAWRGGGGADGLTF;KLSALGINAV
CAVSSSGTASKLTF;KLSALGINAV
CAMREGEGGTSYGKLTF;KLSALGINAV
CAVERENQGGKLIF;KLSALGINAV
CAYQYTGNQFYF;KLSALGINAV
CAPRSSGGYNKLIF;KLSALGINAV
CAVNIDNNDMRF;KLSALGINAV
CAVEYDNQGGKLIF;KLSALGINAV
CAVNRDGGSQGNLIF;KLSALGINAV
CACVNSGAGSYQLTF;KLSALGINAV
CAQEDSGAGSYQLTF;KLSALGINAV
CAYGQGAQKLVF;KLSALGINAV
CAYRSPNAGNMLTF;KLSALGINAV
CAVNRDAGGTSYGKLTF;KLSALGINAV
CVVKSDSYIPTF;KLSALGINAV
CAVNMEGGGADGLTF;KLSALGINAV
CAVACEDGGSQGNLIF;LLWNGPMAV
CAMSERDGNQFYF;LLWNGPMAV
CAVTDEKLTF;LLWNGPMAV
CAGADDKIIF;LLWNGPMAV
CAVTGNQFYF;LLWNGPMAV
CAMSPEGGGSYIPTF;LLWNGPMAV
CAVASFYGNNRLAF;LLWNGPMAV
CAVADDKIIF;LLWNGPMAV
CAARGGNKLVF;LLWNGPMAV
CAVRDQDYGQNFVF;LLWNGPMAV
CAVDGNQFYF;LLWNGPMAV
CAFMRDTGNQFYF;LLWNGPMAV
CAIDGQNFVF;LLWNGPMAV
CAIDNAGNMLTF;LLWNGPMAV
CVVLSGGQNFVF;LLWNGPMAV
CAVGGTSYGKLTF;LLWNGPMAV
CATDARNNARLMF;LLWNGPMAV
CAPLSSNTGKLIF;LLWNGPMAV
CAATNTGTASKLTF;LLWNGPMAV
CAVSGTGRRALTF;LLWNGPMAV
CVVSPDDKIIF;LLWNGPMAV
CIPYSFDSGGGADGLTF;LLWNGPMAV
CAVGDNFNKFYF;LLWNGPMAV
CAVEGNKLVF;LLWNGPMAV
CAAINTGNQFYF;LLWNGPMAV
CVVFNFNKFYF;LLWNGPMAV
CAGVQEYGNKLVF;LLWNGPMAV
CAVDANARLMF;LLWNGPMAV
CAVYNFNKFYF;LLWNGPMAV
CLVPSSGGYQKVTF;LLWNGPMAV
CAASPRSSNYKLTF;LLWNGPMAV
CVVTGARLMF;LLWNGPMAV
CAASDDKIIF;LLWNGPMAV
CAVSNTDKLIF;LLWNGPMAV
CVVGASKIIF;LLWNGPMAV
CAVSGNKLTF;LLWNGPMAV
CAERRNAGNNRKLIW;LLWNGPMAV
CALNQGGKLIF;LLWNGPMAV
CAVDAGKSTF;LLWNGPMAV
CAVNAPNAGNMLTF;LLWNGPMAV
CAVSERNGGSQGNLIF;LLWNGPMAV
CVVSITDKLIF;LLWNGPMAV
CAGVSVGDTPLVF;LLWNGPMAV
CAVNDNDMRF;LLWNGPMAV
CVVNTNAGKSTF;LLWNGPMAV
CAVNEGDNMLTF;LLWNGPMAV
CAVNDDKIIF;LLWNGPMAV
CAVVPDKLIF;LLWNGPMAV
CVVGRTDKLIF;LLWNGPMAV
CALRPDSSYKLIF;LLWNGPMAV
CAGHDYKLSF;LLWNGPMAV
CVVTTEKLTF;LLWNGPMAV
CAGYNTGKLIF;LLWNGPMAV
CALDSGNTGKLIF;GTSGSPIVNR
CALDSGNTGKLIF;GTSGSPIINR
CGLGDAGNMLTF;GTSGSPIVNR
CGLGDAGNMLTF;GTSGSPIINR
CALSPSGNTGKLIF;LLWNGPMAV
CAVSNYQLIW;LLWNGPMAV
CVASGTYKYIF;LLWNGPMAV
CAVGNDKIIF;LLWNGPMAV
CAENSGGYQKVTF;LLWNGPMAV
CAFPESNFGNEKLTF;LLWNGPMAV
CASIGGGRRALTF;LLWNGPMAV
CASMDSNYQLIW;LLWNGPMAV
CAVGTDKLIF;LLWNGPMAV
CGTDISGYSTLTF;LLWNGPMAV
CAVNAAGTSYDKVIF;LLWNGPMAV
CVVADDKIIF;LLWNGPMAV
CAASDTNAGGTSYGKLTF;LLWNGPMAV
CAPSQGGSEKLVF;LLWNGPMAV
CAVRWENSGYALNF;LLWNGPMAV
CAGRREKLTF;LLWNGPMAV
CVVNIYDFGNEKLTF;NLVPMVATV
CALSENFIQGAQKLVF;NLVPMVATV
CVVSDRWSNQFYF;NLVPMVATV
