TRBV_gene;cdr3;TRBJ_gene;antigen.epitope;Epitope species;Reference;Source;merged
TRBV27;CASSLGSSYEQYF;TRBJ2-7;YLEPGPVTA;Melanoma;PubMed ID: 8752841;McPas-TCR;CASSLGSSYEQYF-YLEPGPVTA
TRBV4;CASLAGQGYNEQF;TRBJ2-1;SAYGEPRKL;Melanoma;PubMed ID: 8921424;McPas-TCR;CASLAGQGYNEQF-SAYGEPRKL
TRBV12;CASLGAQNNEQF;TRBJ2-1;AARAVFLAL;Melanoma;PubMed ID: 8921424;McPas-TCR;CASLGAQNNEQF-AARAVFLAL
TRBV6;CASRLWFWALEAF;TRBJ1-1;SAYGEPRKL;Melanoma;PubMed ID: 8921424;McPas-TCR;CASRLWFWALEAF-SAYGEPRKL
TRBV6;CASSYSTGDEQYF;TRBJ2-7;AARAVFLAL;Melanoma;PubMed ID: 8921424;McPas-TCR;CASSYSTGDEQYF-AARAVFLAL
TRBV3-01;CASMGLAQETQYF;TRBJ1-2;RAFSPEVIPMF;Humanimmunodeficiencyvirus(HIV);PubMed ID: 18802118;McPas-TCR;CASMGLAQETQYF-RAFSPEVIPMF
TRBV2;CASRGGSGELF;TRBJ2-2;RAFSPEVIPMF;Humanimmunodeficiencyvirus(HIV);PubMed ID: 18802118;McPas-TCR;CASRGGSGELF-RAFSPEVIPMF
TRBV7-09;CASSGFRDRVNEQYF;TRBJ2-7;RAFSPEVIPMF;Humanimmunodeficiencyvirus(HIV);PubMed ID: 18802118;McPas-TCR;CASSGFRDRVNEQYF-RAFSPEVIPMF
TRBV3-01;CASSQGVTTGGFLNYGYTF;TRBJ1-2;RAFSPEVIPMF;Humanimmunodeficiencyvirus(HIV);PubMed ID: 18802118;McPas-TCR;CASSQGVTTGGFLNYGYTF-RAFSPEVIPMF
TRBV7-09;CASTDTGDYGYTF;TRBJ1-2;RAFSPEVIPMF;Humanimmunodeficiencyvirus(HIV);PubMed ID: 18802118;McPas-TCR;CASTDTGDYGYTF-RAFSPEVIPMF
TRBV7-09;CASTDTGYYGYTF;TRBJ1-2;RAFSPEVIPMF;Humanimmunodeficiencyvirus(HIV);PubMed ID: 18802118;McPas-TCR;CASTDTGYYGYTF-RAFSPEVIPMF
TRBV5-01;CASSLAQAGETQYF;TRBJ2-5;FWIDLFETIG;Allergy;PubMed ID: 24719461;McPas-TCR;CASSLAQAGETQYF-FWIDLFETIG
TRBV5-01;CASSLAQGAETQYF;TRBJ2-5;FWIDLFETIG;Allergy;PubMed ID: 24719461;McPas-TCR;CASSLAQGAETQYF-FWIDLFETIG
TRBV5-01;CASSLAQGGETQYF;TRBJ2-5;FWIDLFETIG;Allergy;PubMed ID: 24719461;McPas-TCR;CASSLAQGGETQYF-FWIDLFETIG
TRBV5-01;CASSLGQAGETQYF;TRBJ2-5;FWIDLFETIG;Allergy;PubMed ID: 24719461;McPas-TCR;CASSLGQAGETQYF-FWIDLFETIG
TRBV5-01;CASSLGQGGETQYF;TRBJ2-5;FWIDLFETIG;Allergy;PubMed ID: 24719461;McPas-TCR;CASSLGQGGETQYF-FWIDLFETIG
TRBV5-01;CASSLNQGGYIQYF;TRBJ2-4;FWIDLFETIG;Allergy;PubMed ID: 24719461;McPas-TCR;CASSLNQGGYIQYF-FWIDLFETIG
TRBV5-01;CASSLSQGAETQYF;TRBJ2-5;FWIDLFETIG;Allergy;PubMed ID: 24719461;McPas-TCR;CASSLSQGAETQYF-FWIDLFETIG
TRBV5-01;CASSLSQGGDTQYF;TRBJ2-5;FWIDLFETIG;Allergy;PubMed ID: 24719461;McPas-TCR;CASSLSQGGDTQYF-FWIDLFETIG
TRBV5-01;CASSLSQGGEKLF;TRBJ1-4;FWIDLFETIG;Allergy;PubMed ID: 24719461;McPas-TCR;CASSLSQGGEKLF-FWIDLFETIG
TRBV5-01;CASSLSQGGRPMF;TRBJ1-4;FWIDLFETIG;Allergy;PubMed ID: 24719461;McPas-TCR;CASSLSQGGRPMF-FWIDLFETIG
TRBV5-01;CASSMGQGGETQYF;TRBJ2-5;FWIDLFETIG;Allergy;PubMed ID: 24719461;McPas-TCR;CASSMGQGGETQYF-FWIDLFETIG
TRBV18;CASSPNGQAHEQYF;TRBJ2-7;FWIDLFETIG;Allergy;PubMed ID: 24719461;McPas-TCR;CASSPNGQAHEQYF-FWIDLFETIG
TRBV18;CASSPTGQAHEQYF;TRBJ2-7;FWIDLFETIG;Allergy;PubMed ID: 24719461;McPas-TCR;CASSPTGQAHEQYF-FWIDLFETIG
TRBV5-01;CASSQAQGGETQYF;TRBJ2-5;FWIDLFETIG;Allergy;PubMed ID: 24719461;McPas-TCR;CASSQAQGGETQYF-FWIDLFETIG
TRBV7-09;CASSDTSGANTGELF;TRBJ2-2;RYPLTFGW;Humanimmunodeficiencyvirus(HIV);PubMed ID: 24899498;McPas-TCR;CASSDTSGANTGELF-RYPLTFGW
TRBV7-09;CASSIRDRVPETQYF;TRBJ2-5;RYPLTFGW;Humanimmunodeficiencyvirus(HIV);PubMed ID: 24899498;McPas-TCR;CASSIRDRVPETQYF-RYPLTFGW
TRBV11-03;CASSLAVRGLSGDPF;TRBJ2-2;RYPLTFGW;Humanimmunodeficiencyvirus(HIV);PubMed ID: 24899498;McPas-TCR;CASSLAVRGLSGDPF-RYPLTFGW
TRBV7-09;CASSLTSGANTGELF;TRBJ2-2;RYPLTFGW;Humanimmunodeficiencyvirus(HIV);PubMed ID: 24899498;McPas-TCR;CASSLTSGANTGELF-RYPLTFGW
TRBV7-09;CASSPRDKPNYGYTF;TRBJ1-2;RYPLTFGW;Humanimmunodeficiencyvirus(HIV);PubMed ID: 24899498;McPas-TCR;CASSPRDKPNYGYTF-RYPLTFGW
TRBV3-01;CASSQPTGREQYF;TRBJ2-7;RYPLTFGW;Humanimmunodeficiencyvirus(HIV);PubMed ID: 24899498;McPas-TCR;CASSQPTGREQYF-RYPLTFGW
TRBV20-01;CSARDPIRLISYEQYF;TRBJ2-7;RYPLTFGW;Humanimmunodeficiencyvirus(HIV);PubMed ID: 24899498;McPas-TCR;CSARDPIRLISYEQYF-RYPLTFGW
TRBV20-01;CSARDPVSTYEQYF;TRBJ2-7;RYPLTFGW;Humanimmunodeficiencyvirus(HIV);PubMed ID: 24899498;McPas-TCR;CSARDPVSTYEQYF-RYPLTFGW
TRBV19-01;CASRMNTEAF;TRBJ1-1;ALTPVVVTL;Acutemyeloidleukemia;PubMed ID: 25576336;McPas-TCR;CASRMNTEAF-ALTPVVVTL
TRBV9-01;CASSAQGFGELF;TRBJ2-2;ALTPVVVTL;Acutemyeloidleukemia;PubMed ID: 25576336;McPas-TCR;CASSAQGFGELF-ALTPVVVTL
TRBV25-01;CASSEGRETQYF;TRBJ2-5;ALTPVVVTL;Acutemyeloidleukemia;PubMed ID: 25576336;McPas-TCR;CASSEGRETQYF-ALTPVVVTL
TRBV19-01;CASSIGQGPYEQYF;TRBJ2-7;ALTPVVVTL;Acutemyeloidleukemia;PubMed ID: 25576336;McPas-TCR;CASSIGQGPYEQYF-ALTPVVVTL
TRBV11-02;CASSLGGRRYEQYF;TRBJ2-7;ALTPVVVTL;Acutemyeloidleukemia;PubMed ID: 25576336;McPas-TCR;CASSLGGRRYEQYF-ALTPVVVTL
TRBV11-02;CASSLGQKEQYF;TRBJ2-7;ALTPVVVTL;Acutemyeloidleukemia;PubMed ID: 25576336;McPas-TCR;CASSLGQKEQYF-ALTPVVVTL
TRBV7-06;CASRPVAGLPHF;TRBJ1-6;PQPELPYPQPE;Celiacdisease;PubMed ID: 26838051;McPas-TCR;CASRPVAGLPHF-PQPELPYPQPE
TRBV7-02;CASSFRSTDTQYF;TRBJ2-3;PQPELPYPQPE;Celiacdisease;PubMed ID: 26838051;McPas-TCR;CASSFRSTDTQYF-PQPELPYPQPE
TRBV4-01;CASSIVDRGGETQYF;TRBJ2-5;PQPELPYPQPE;Celiacdisease;PubMed ID: 26838051;McPas-TCR;CASSIVDRGGETQYF-PQPELPYPQPE
TRBV5-04;CASSLGYGVSTGELF;TRBJ2-2;PQPELPYPQPE;Celiacdisease;PubMed ID: 26838051;McPas-TCR;CASSLGYGVSTGELF-PQPELPYPQPE
TRBV7-02;CASSLRAWETQYF;TRBJ2-5;PQPELPYPQPE;Celiacdisease;PubMed ID: 26838051;McPas-TCR;CASSLRAWETQYF-PQPELPYPQPE
TRBV7-02;CASSLRSTDTQYF;TRBJ2-3;PQPELPYPQPE;Celiacdisease;PubMed ID: 26838051;McPas-TCR;CASSLRSTDTQYF-PQPELPYPQPE
TRBV7-02;CASSLRWGDGGKLF;TRBJ2-2;PQPELPYPQPE;Celiacdisease;PubMed ID: 26838051;McPas-TCR;CASSLRWGDGGKLF-PQPELPYPQPE
TRBV4-02;CASSQGGDRGESEAF;TRBJ1-1;PQPELPYPQPE;Celiacdisease;PubMed ID: 26838051;McPas-TCR;CASSQGGDRGESEAF-PQPELPYPQPE
TRBV7-02;CASSVRTLDTGELF;TRBJ2-2;PQPELPYPQPE;Celiacdisease;PubMed ID: 26838051;McPas-TCR;CASSVRTLDTGELF-PQPELPYPQPE
TRBV15-02;CATSSRMGGDTQYF;TRBJ2-3;PQPELPYPQPE;Celiacdisease;PubMed ID: 26838051;McPas-TCR;CATSSRMGGDTQYF-PQPELPYPQPE
TRBV3-1;CASSQDRWDVMSKNIQYF;TRBJ2-4;VLFGLGFAI;DiabetesType1;PubMed ID: 28300170;McPas-TCR;CASSQDRWDVMSKNIQYF-VLFGLGFAI
TRBV1-1;CAISEMLIRGLANYGYPF;TRBJ1-2;VLFGLGFAI;DiabetesType1;PubMed ID: 28300170;McPas-TCR;CAISEMLIRGLANYGYPF-VLFGLGFAI
TRBV1-1;CAISDRFMREEMTYGYPF;TRBJ1-2;VLFGLGFAI;DiabetesType1;PubMed ID: 28300170;McPas-TCR;CAISDRFMREEMTYGYPF-VLFGLGFAI
TRBV24-1;CATSDPLIKGLAEYNEQFF;TRBJ2-1;VLFGLGFAI;DiabetesType1;PubMed ID: 28300170;McPas-TCR;CATSDPLIKGLAEYNEQFF-VLFGLGFAI
TRBV6-2;CASGTLLIRGKGYERYF;TRBJ2-7;VLFGLGFAI;DiabetesType1;PubMed ID: 28300170;McPas-TCR;CASGTLLIRGKGYERYF-VLFGLGFAI
TRBV3-1;CASGDGLAGKITGELFF;TRBJ2-4;VLFGLGFAI;DiabetesType1;PubMed ID: 28300170;McPas-TCR;CASGDGLAGKITGELFF-VLFGLGFAI
TRBV19;CAKKTSLLGPGANYGYTF;TRBJ1-2;VLFGLGFAI;DiabetesType1;PubMed ID: 28300170;McPas-TCR;CAKKTSLLGPGANYGYTF-VLFGLGFAI
TRBV28;CASRGLIIQRSSYEQYF;TRBJ2-7;VLFGLGFAI;DiabetesType1;PubMed ID: 28300170;McPas-TCR;CASRGLIIQRSSYEQYF-VLFGLGFAI
TRBV1-1;CASSGRFLREGMTYGYTF;TRBJ1-2;VLFGLGFAI;DiabetesType1;PubMed ID: 28300170;McPas-TCR;CASSGRFLREGMTYGYTF-VLFGLGFAI
TRBV3-1;CASSQDRWDVMSQNIQYF;TRBJ2-4;VLFGLGFAI;DiabetesType1;PubMed ID: 28300170;McPas-TCR;CASSQDRWDVMSQNIQYF-VLFGLGFAI
TRBV28;CASSSFVIAGGDYEQNF;TRBJ2-7;VLFGLGFAI;DiabetesType1;PubMed ID: 28300170;McPas-TCR;CASSSFVIAGGDYEQNF-VLFGLGFAI
TRBV3-1;CASRQDRWEKMGQNIRRF;TRBJ2-4;VLFGLGFAI;DiabetesType1;PubMed ID: 28300170;McPas-TCR;CASRQDRWEKMGQNIRRF-VLFGLGFAI
TRBV6-5;CASSPVPGLDEQFF;TRBJ2-1;VLFGLGFAI;DiabetesType1;PubMed ID: 28300170;McPas-TCR;CASSPVPGLDEQFF-VLFGLGFAI
TRBV24-1;CATSDLPYIGTRLNEQFF;TRBJ2-1;VLFGLGFAI;DiabetesType1;PubMed ID: 28300170;McPas-TCR;CATSDLPYIGTRLNEQFF-VLFGLGFAI
TRBV25;CAGLGDSGGSNYKLTF;TRBJ53;VLFGLGFAI;DiabetesType1;PubMed ID: 28300170;McPas-TCR;CAGLGDSGGSNYKLTF-VLFGLGFAI
