cdr3;antigen.epitope
CAYF;LLWNGPMAV
CAFF;LLWNGPMAV
CATF;LLWNGPMAV
CAHF;LLWNGPMAV
CSYF;LLWNGPMAV
CAFF;GLCTLVAML
CSTF;GLCTLVAML
CSYF;GLCTLVAML
CSFF;GLCTLVAML
CAYF;GLCTLVAML
CATF;GLCTLVAML
CSHF;GLCTLVAML
CAFF;RPRGEVRFL
CAYF;RPRGEVRFL
CATF;RPRGEVRFL
CSHF;RPRGEVRFL
CAHF;RPRGEVRFL
CAYF;YILEETSVM
CAHF;YILEETSVM
CAFF;YILEETSVM
CAFF;ELKRKMIYM
CAYF;ELKRKMIYM
CAHF;CVETMCNEY
CAFF;CVETMCNEY
CAYF;DEEDAIAAY
CAYF;LLFGYPVYV
CAYF;FLRGRAYGL
CAYF;GILGFVFTL
CAYF;LLFGYAVYV
CAYF;LLFGYPRYV
CAYF;LLFGYPVAV
CAFF;SLLMWITQV
CAFF;SLLMWITQC
CAYF;VMAPRTLIL
CAYF;LLFGKPVYV
CAHF;EPLPQGQLTAY
CATF;KAFSPEVIPMF
CAYF;LLFGPVYV
CAFF;EENLLDFVRF
CATF;NLVPMVATV
CAYF;MLWGYLQYV
CAFF;ELAGIGILTV
CAYF;EEYLKAWTF
CAYF;EEYLQAFTY
CAFF;HPVGEADYFEY
CAYF;LGYGFVNYI
CAFF;AAGIGILTV
CAHF;ELAGIGILTV
CAHF;AAGIGILTV
CAYF;LLFGFPVYV
CAYF;ALWGPDPAAA
CAYF;RFPLTFGWCF
CAFF;RYPLTFGWCF
CAFF;RYPLTLGWCF
CAYF;ALGIGILTV
CAFF;KRWIILGLNK
CAFF;KRWIIMGLNK
CAFF;TAFTIPSI
CAFF;ILAKFLHWL
CAFF;HPVGDADYFEY
CAFF;HPVGQADYFEY
CAFF;EAAGIGILTV
CAHF;HSKKKCDEL
CAYF;NLVPMVATV
CAFF;NLVPMVATV
CAYF;KLVALGINAV
CAFF;KLVALGINAV
CAHF;KLVALGINAV
CSTF;KLVALGINAV
CSFF;KLVALGINAV
CATF;KLVALGINAV
CAYF;CINGVCWTV
CAFF;CINGVCWTV
CATF;CINGVCWTV
CAHF;CINGVCWTV
CSFF;CINGVCWTV
CAHF;TPQDLNTML
CATF;TPQDLNTML
CAFF;TPQDLNTML
CAYF;TPQDLNTML
CTFF;TPQDLNTML
CTYF;TPQDLNTML
CSFF;TPQDLNTML
CAYF;IIKDYGKQM
CSTF;IIKDYGKQM
CATF;IIKDYGKQM
CAFF;IIKDYGKQM
CTYF;IIKDYGKQM
CAFF;FPRPWLHGL
CAHF;FPRPWLHGL
CATF;FPRPWLHGL
CAYF;FPRPWLHGL
CSYF;FPRPWLHGL
CTFF;FPRPWLHGL
CSFF;FPRPWLHGL
CTYF;FPRPWLHGL
CAFF;LPPIVAKEI
CAYF;LPPIVAKEI
CATF;LPPIVAKEI
CTFF;LPPIVAKEI
CSFF;LPPIVAKEI
CSYF;HPKVSSEVHI
CAYF;HPKVSSEVHI
CSTF;HPKVSSEVHI
CAFF;HPKVSSEVHI
CSFF;HPKVSSEVHI
CAHF;HPKVSSEVHI
CATF;HPKVSSEVHI
CAYF;TPGPGVRYPL
CAFF;TPGPGVRYPL
CATF;TPGPGVRYPL
CSTF;TPGPGVRYPL
CAHF;TPGPGVRYPL
CSFF;TPGPGVRYPL
CAYF;TAFTIPSI
CSYF;TAFTIPSI
CAHF;TAFTIPSI
CAYF;ELAGIGLTV
CAFF;ELAGIGLTV
CATF;ELAGIGLTV
CAHF;ELAGIGLTV
CAFF;GILGFVFTL
CSFF;NLVPMVATV
CSYF;NLVPMVATV
CAFF;EPLPQGQLTAY
CAYF;EPLPQGQLTAY
CATF;EPLPQGQLTAY
CAHF;FLKEKGGL
CAFF;FLKEKGGL
CAHF;FLKEQGGL
CAHF;FLKETGGL
CAHF;FLKEMGGL
CATF;GILGFVFTL
CAHF;GILGFVFTL
CSYF;CVNGSCFTV
CATF;CVNGSCFTV
CAYF;CVNGSCFTV
CAFF;CVNGSCFTV
CAHF;CVNGSCFTV
CSFF;CVNGSCFTV
CAFF;KAFSPEVIPMF
CSYF;KAFSPEVIPMF
CAYF;KAFSPEVIPMF
CAFF;TPRVTGGGAM
CAYF;TPRVTGGGAM
CAHF;TPRVTGGGAM
CATF;TPRVTGGGAM
CAHF;NLVPMVATV
CSHF;RAKFKQLL
CSFF;RAKFKQLL
CSYF;RAKFKQLL
CSTF;RAKFKQLL
CAFF;RAKFKQLL
CAHF;RAKFKQLL
CATF;RAKFKQLL
CAYF;RAKFKQLL
CAFF;FLRGRAYGL
CSFF;TPRVTGGGAM
CSYF;TPRVTGGGAM
CAYF;GPGHKARVL
CATF;GPGHKARVL
CAFF;GPGHKARVL
CSYF;GPGHKARVL
CSFF;GPGHKARVL
CAHF;GPGHKARVL
CAFF;SLYNTVATL
CAYF;SLYNTVATL
CATF;SLYNTVATL
CAHF;SLYNTVATL
CAFF;IPSINVHHY
CSFF;GILGFVFTL
CAFF;QIKVRVDMV
CAYF;QIKVRVDMV
CAYF;ELRRKMMYM
CAHF;ELRRKMMYM
CAFF;RMFPNAPYL
CAYF;RMFPNAPYL
CAYF;KIFGSLAFL
CSYF;TPQDLNTML
CAYF;VLEETSVML
CSYF;VLEETSVML
CSTF;NLVPMVATV
CSTF;GILGFVFTL
CSYF;GILGFVFTL
CSHF;NLVPMVATV
CAYF;IPSINVHHY
CAHF;IPSINVHHY
CSYF;NEGVKAAW
CATF;NEGVKAAW
CAYF;NEGVKAAW
CAFF;NEGVKAAW
CSFF;NEGVKAAW
CAHF;NEGVKAAW
CSFF;SLYNTVATL
CAHF;EIYKRWII
CAYF;EIYKRWII
CATF;EIYKRWII
CAFF;EIYKRWII
CSTF;EIYKRWII
CSYF;EIYKRWII
CSFF;EIYKRWII
CAYF;FLKEKGGL
CATF;FLKEKGGL
CSFF;FLKEKGGL
CSYF;FLKEKGGL
CTYF;FLKEKGGL
CAYF;KRWIILGLNK
CSTF;KRWIILGLNK
CATF;KRWIILGLNK
CSYF;KRWIILGLNK
CSHF;FLKEKGGL
CAFF;ISPRTLNAW
CAYF;ISPRTLNAW
CATF;ISPRTLNAW
CAHF;ISPRTLNAW
CATF;QASQEVKNW
CAHF;QASQEVKNW
CAYF;QASQEVKNW
CAFF;QASQEVKNW
CSFF;ISPRTLNAW
CSTF;KAFSPEVIPMF
CAHF;KAFSPEVIPMF
CSFF;LLWNGPMAV
CAYF;HPVGEADYFEY
CATF;HPVGEADYFEY
CAFF;TLNAWVKVV
CAYF;TLNAWVKVV
CAFF;KINAWIKVV
CSYF;KINAWIKVV
CSFF;TLNAWVKVV
CSFF;KINAWIKVV
CAYF;KINAWIKVV
CSTF;TLNAWVKVV
CAHF;KRWIILGLNK
CTFF;NLVPMVATV
CTTF;NLVPMVATV
CTHF;NLVPMVATV
CTYF;NLVPMVATV
CSHF;GILGFVFTL
CRFF;GILGFVFTL
CTFF;GILGFVFTL
CTYF;GILGFVFTL
CTTF;GILGFVFTL
CAYF;MLNIPSINV
CAFF;MLNIPSINV
CATF;MLNIPSINV
CAHF;MLNIPSINV
CSYF;MLNIPSINV
CSYF;CLGGLLTMV
CAYF;CLGGLLTMV
CAFF;CLGGLLTMV
CSFF;CLGGLLTMV
CATF;CLGGLLTMV
CAHF;CLGGLLTMV
CAHF;GLCTLVAML
CSFF;KRWIILGLNK
CSHF;KRWIILGLNK
CAFF;SFHSLHLLF
CAYF;SFHSLHLLF
CATF;SFHSLHLLF
CAHF;SFHSLHLLF
CSFF;SFHSLHLLF
CSHF;SFHSLHLLF
CSYF;SFHSLHLLF
CATF;CLNEYHLFL
CSYF;CLNEYHLFL
CAYF;CLNEYHLFL
CAHF;CLNEYHLFL
CAFF;CLNEYHLFL
CAYF;AMFWSVPTV
CAFF;AMFWSVPTV
CSFF;AMFWSVPTV
CATF;AMFWSVPTV
CAHF;AMFWSVPTV
CSYF;AMFWSVPTV
CSHF;AMFWSVPTV
CAFF;FLYNLLTRV
CAHF;FLYNLLTRV
CAYF;FLYNLLTRV
CATF;FLYNLLTRV
CSTF;FLYNLLTRV
CAHF;KLMNIQQKL
CAYF;KLMNIQQKL
CAFF;KLMNIQQKL
CAFF;IILVAVPHV
CAYF;IILVAVPHV
CSFF;IILVAVPHV
CSTF;MLGEQLFPL
CAYF;MLGEQLFPL
CAFF;MLGEQLFPL
CAHF;MLGEQLFPL
CAYF;KRWIIMGLNK
CTHF;KRWIILGLNK
CSYF;KRWIIMGLNK
CAFF;AVFDRKSDAK
CAFF;IVTDFSVIK
CATF;IVTDFSVIK
CSHF;IVTDFSVIK
CAYF;IVTDFSVIK
CRYF;KRWIILGLNK
CAYF;RLRPGGKKK
CATF;RLRPGGKKK
CAFF;RLRPGGKKK
CAHF;RLRPGGKKK
CAYF;GPGMKARVL
CAFF;GPGMKARVL
CSYF;SLYNTVATL
CAFF;QVPLRPMTYK
CAYF;QVPLRPMTYK
CSFF;QVPLRPMTYK
CATF;QVPLRPMTYK
CAYF;FLGKIWPSHK
CATF;FLGKIWPSHK
CAFF;FLGKIWPSHK
CAFF;RLRPGGKKR
CAYF;RLRPGGKKR
CSYF;RLRPGGKKR
CSFF;RLRPGGKKR
CSTF;FLKEKGGL
CAYF;FPQGEAREL
CAFF;FPQGEAREL
CAYF;RLRPGGRKR
CAFF;RLRPGGRKR
CAHF;RLRPGGRKR
CAFF;GEIYKRWII
CAYF;GEIYKRWII
CAYF;EFFWDANDIY
CAFF;RPHERNGFTV
CAYF;RPHERNGFTV
CAHF;YVLDHLIVV
CAYF;YVLDHLIVV
CSTF;YVLDHLIVV
CSFF;YVLDHLIVV
CAFF;YVLDHLIVV
CATF;YVLDHLIVV
CAHF;AVFDRKSDAK
CAYF;AVFDRKSDAK
CATF;IPSINVHHY
CSYF;IPSINVHHY
CAFF;VLEETSVML
CAHF;VLEETSVML
CAHF;IVTDFSVIK
CAFF;RPPIFIRRL
CATF;RPPIFIRRL
CAHF;RPPIFIRRL
CAYF;RPPIFIRRL
CSYF;RPPIFIRRL
CAYF;YPLHEQHGM
CAHF;YPLHEQHGM
CAFF;YPLHEQHGM
CAYF;VTEHDTLLY
CAFF;CTELKLSDY
CATF;VTEHDTLLY
CAFF;VTEHDTLLY
CAHF;VTEHDTLLY
CATF;CTELKLSDY
CAHF;CTELKLSDY
CSYF;CTELKLSDY
CSYF;VTEHDTLLY
CSFF;VTEHDTLLY
CSTF;VTEHDTLLY
CAYF;LPRRSGAAGA
CAHF;LPRRSGAAGA
CAFF;LPRRSGAAGA
CATF;LPRRSGAAGA
CSFF;LPRRSGAAGA
CSTF;LPRRSGAAGA
CSYF;LPRRSGAAGA
CRFF;GLCTLVAML
CAYF;CTELKLSDY
CAYF;HSKKKCDEL
CAFF;HSKKKCDEL
CATF;HSKKKCDEL
CAFF;ATDALMTGY
CATF;ATDALMTGY
CAHF;ATDALMTGY
CAYF;ATDALMTGY
CAFF;RPHERNGFTVL
CAYF;RPHERNGFTVL
CSYF;RPHERNGFTVL
CATF;RPHERNGFTVL
CSTF;RPHERNGFTVL
CAHF;RPHERNGFTVL
CSFF;RPHERNGFTVL
CSHF;KAFSPEVIPMF
CSFF;KAFSPEVIPMF
CTTF;FLKEKGGL
CSFF;ILKEPVHGV
CSYF;ILKEPVHGV
CAYF;ILKEPVHGV
CAHF;ILKEPVHGV
CTYF;ILKEPVHGV
CSHF;QVPLRPMTYK
CSYF;QVPLRPMTYK
CAYF;ARMILMTHF
CAFF;ARMILMTHF
CAHF;ARMILMTHF
CATF;ARMILMTHF
CSYF;ARMILMTHF
CSTF;ARMILMTHF
CSHF;ATDALMTGY
CATF;YSEHPTFTSQY
CSYF;YSEHPTFTSQY
CAFF;YSEHPTFTSQY
CAYF;YSEHPTFTSQY
CAFF;ELRRKMMYM
CATF;QIKVRVDMV
CAFF;QYDPVAALF
CSFF;QYDPVAALF
CAYF;QYDPVAALF
CAHF;QYDPVAALF
CSYF;QYDPVAALF
CATF;QYDPVAALF
CATF;FPTKDVAL
CAFF;FPTKDVAL
CAHF;FPTKDVAL
CATF;VSFIEFVGW
CATF;YPLHEQHGM
CAFF;VSFIEFVGW
CAYF;VSFIEFVGW
CSTF;YPLHEQHGM
CSYF;IVTDFSVIK
CSFF;VSFIEFVGW
CSTF;IPSINVHHY
CTFF;IPSINVHHY
CAHF;VSFIEFVGW
CSYF;YPLHEQHGM
CSYF;VSFIEFVGW
CSHF;VSFIEFVGW
CSHF;YVLDHLIVV
CSFF;YPLHEQHGM
CSFF;IVTDFSVIK
CAYF;ELAGIGILTV
CSFF;ELAGIGILTV
CSYF;ELAGIGILTV
CATF;ELAGIGILTV
CAYF;TQGYFPDWQNY
CAFF;TQGYFPDWQNY
CAYF;GLNKIVRMY
CAFF;GLNKIVRMY
CTYF;GLNKIVRMY
CSFF;GLNKIVRMY
CSYF;GLNKIVRMY
CSTF;GLNKIVRMY
CATF;GLNKIVRMY
CAHF;GLNKIVRMY
CAHF;QVPLRPMTYK
CATF;KRWIIMGLNK
CAHF;KRWIIMGLNK
CSFF;KRWIIMGLNK
CSTF;KRWIIMGLNK
CTYF;KRWIILGLNK
CSTF;ELAGIGILTV
CSHF;ELAGIGILTV
CSTF;LLWNGPMAV
CAHF;LLLGIGILV
CAYF;LLLGIGILV
CAFF;LLLGIGILV
CSTF;LLLGIGILV
CATF;LLLGIGILV
CSYF;LLLGIGILV
CSFF;LLLGIGILV
CSHF;LLLGIGILV
CAFF;VAANIVLTV
CAYF;VAANIVLTV
CAHF;VAANIVLTV
CATF;VAANIVLTV
CAYF;KLSALGINAV
CSYF;KLSALGINAV
CAHF;KLSALGINAV
CAFF;KLSALGINAV
CATF;KLSALGINAV
CRYF;LLWNGPMAV
CAYF;GTSGSPIVNR
CAFF;GTSGSPIVNR
CAHF;GTSGSPIVNR
CATF;GTSGSPIVNR
CSHF;GTSGSPIVNR
CAFF;GTSGSPIIDK
CAYF;GTSGSPIIDK
CAYF;GTSGSPIINR
CAFF;GTSGSPIINR
CSYF;GTSGSPIINR
CAHF;GTSGSPIINR
CATF;GTSGSPIIDK
CAHF;GTSGSPIIDK
CATF;GTSGSPIINR
CSHF;GTSGSPIINR
CSFF;GTSGSPIINR
CSYF;GTSGSPIVNR
CAHF;NLSALGIFST
CSYF;NLSALGIFST
CAFF;NLSALGIFST
CATF;NLSALGIFST
CAYF;NLSALGIFST
CRYF;NLSALGIFST
CSFF;NLSALGIFST
CTFF;NLSALGIFST
CSTF;TPRVTGGGAM
CSFF;YSEHPTFTSQY
CSTF;YSEHPTFTSQY
CAFF;QIKVRVKMV
CAYF;QIKVRVKMV
CSFF;QIKVRVKMV
CAHF;QIKVRVKMV
CSTF;QIKVRVKMV
CATF;QIKVRVKMV
