cdr3;antigen.epitope
CAGGGGGGGGGGGYF;LLWNGPMAV
CAGGGGGGGGGFF;LLWNGPMAV
CAGGGGGGGGGGTF;LLWNGPMAV
CAGGGGGGGGGGYF;LLWNGPMAV
CAGGGGGGGGGGGFF;LLWNGPMAV
CAGGGGGGGGGYF;LLWNGPMAV
CAGGGGGGGGGGGTF;LLWNGPMAV
CAGGGGGGGGGGGGYF;LLWNGPMAV
CAGGGGGGGGGGFF;LLWNGPMAV
CAGGGGGGGGYF;LLWNGPMAV
CAGGGGGGGGGGGHF;LLWNGPMAV
CSGGGGGGGGGYF;LLWNGPMAV
CAGGGGGGGGGGGGFF;LLWNGPMAV
CAGGGGGGGGGGGFF;GLCTLVAML
CAGGGGGGGGGFF;GLCTLVAML
CAGGGGGGGGGGGGFF;GLCTLVAML
CSGGGGGGGGGTF;GLCTLVAML
CSGGGGGGGGGGGGGGYF;GLCTLVAML
CSGGGGGGGGGGFF;GLCTLVAML
CAGGGGGGGGGGYF;GLCTLVAML
CSGGGGGGGGGGYF;GLCTLVAML
CSGGGGGGGGGYF;GLCTLVAML
CAGGGGGGGGGGGGGYF;GLCTLVAML
CAGGGGGGGGGGGGTF;GLCTLVAML
CAGGGGGGGGGGGYF;GLCTLVAML
CSGGGGGGGGGGGGFF;GLCTLVAML
CAGGGGGGGGGYF;GLCTLVAML
CSGGGGGGGGFF;GLCTLVAML
CSGGGGGGGGYF;GLCTLVAML
CAGGGGGGGGGGTF;GLCTLVAML
CAGGGGGGGFF;GLCTLVAML
CSGGGGGGGGTF;GLCTLVAML
CAGGGGGGGGGGGGYF;GLCTLVAML
CAGGGGGGGGGGFF;GLCTLVAML
CSGGGGGGGGGGGGHF;GLCTLVAML
CSGGGGGGGGGFF;GLCTLVAML
CAGGGGGGGGTF;GLCTLVAML
CAGGGGGGGGGGGGGFF;GLCTLVAML
CAGGGGGGYF;GLCTLVAML
CAGGGGGGGGGGFF;RPRGEVRFL
CAGGGGGGGGGGGGFF;RPRGEVRFL
CAGGGGGGGGGGYF;RPRGEVRFL
CAGGGGGGGGGTF;RPRGEVRFL
CSGGGGGGGGGGHF;RPRGEVRFL
CAGGGGGGGGGGGYF;RPRGEVRFL
CAGGGGGGGGGYF;RPRGEVRFL
CAGGGGGGGGYF;RPRGEVRFL
CAGGGGGGGGGGHF;RPRGEVRFL
CAGGGGGGGGGGGTF;RPRGEVRFL
CAGGGGGGGGGGGGGGGYF;RPRGEVRFL
CAGGGGGGGGGGGFF;RPRGEVRFL
CAGGGGGGGGGFF;RPRGEVRFL
CAGGGGGGGGGGGGYF;RPRGEVRFL
CAGGGGGGGGGGGGGGYF;YILEETSVM
CAGGGGGGGGGGGHF;YILEETSVM
CAGGGGGGGGGGGGGFF;YILEETSVM
CAGGGGGGGGGGGFF;ELKRKMIYM
CAGGGGGGGGGYF;ELKRKMIYM
CAGGGGGGGGGGGGGGFF;ELKRKMIYM
CAGGGGGGGGGHF;CVETMCNEY
CAGGGGGGGGGGFF;CVETMCNEY
CAGGGGGGGGGGYF;DEEDAIAAY
CAGGGGGGGGGGGGYF;LLFGYPVYV
CAGGGGGGGGGGGYF;LLFGYPVYV
CAGGGGGGGGGYF;FLRGRAYGL
CAGGGGGGGGGGGGYF;LLFGYAVYV
CAGGGGGGGGGGGGYF;LLFGYPRYV
CAGGGGGGGGGGGGYF;LLFGYPVAV
CAGGGGGGGGGGFF;SLLMWITQV
CAGGGGGGGGGGFF;SLLMWITQC
CAGGGGGGGGYF;VMAPRTLIL
CAGGGGGGGGGGGGYF;LLFGKPVYV
CAGGGGGGGGGGHF;EPLPQGQLTAY
CAGGGGGGGTF;KAFSPEVIPMF
CAGGGGGGGGGGGGYF;LLFGPVYV
CAGGGGGGGGGGGFF;EENLLDFVRF
CAGGGGGGGGGGGGGGYF;FLRGRAYGL
CAGGGGGGGGGGGGYF;MLWGYLQYV
CAGGGGGGGGGGGFF;ELAGIGILTV
CAGGGGGGGGGYF;EEYLKAWTF
CAGGGGGGGGGYF;EEYLQAFTY
CAGGGGGGGGFF;HPVGEADYFEY
CAGGGGGGGGGGGGYF;LGYGFVNYI
CAGGGGGGGGGFF;ELAGIGILTV
CAGGGGGGGGGFF;AAGIGILTV
CAGGGGGGGGGGHF;ELAGIGILTV
CAGGGGGGGGGGHF;AAGIGILTV
CAGGGGGGGGGGGGYF;LLFGFPVYV
CAGGGGGGGGGGGGYF;ALWGPDPAAA
CAGGGGGGGGGGYF;RFPLTFGWCF
CAGGGGGGGGGFF;RYPLTFGWCF
CAGGGGGGGGGFF;RYPLTLGWCF
CAGGGGGGGGGGYF;ALGIGILTV
CAGGGGGGGGGGFF;KRWIILGLNK
CAGGGGGGGGGGFF;KRWIIMGLNK
CAGGGGGGGGGFF;TAFTIPSI
CAGGGGGGGGFF;ILAKFLHWL
CAGGGGGGGGFF;HPVGDADYFEY
CAGGGGGGGGFF;HPVGQADYFEY
CAGGGGGGGGGGGFF;EAAGIGILTV
CAGGGGGGGGGGGHF;HSKKKCDEL
CAGGGGGGGGGGGGYF;KLVALGINAV
CAGGGGGGGGGYF;KLVALGINAV
CAGGGGGGGGYF;KLVALGINAV
CAGGGGGGGGFF;KLVALGINAV
CAGGGGGGGGGHF;KLVALGINAV
CAGGGGGGGGGGGYF;KLVALGINAV
CAGGGGGGGFF;KLVALGINAV
CAGGGGGGGGGGGGFF;KLVALGINAV
CSGGGGGGGGGTF;KLVALGINAV
CSGGGGGGGGGGFF;KLVALGINAV
CAGGGGGGGGGGGGGYF;KLVALGINAV
CAGGGGGGGTF;KLVALGINAV
CAGGGGGGGGGGFF;KLVALGINAV
CAGGGGGGGGGGGTF;KLVALGINAV
CAGGGGGGGGGGGFF;KLVALGINAV
CAGGGGGGGGGGGGGFF;KLVALGINAV
CAGGGGGGGGGFF;KLVALGINAV
CAGGGGGGGGGGYF;KLVALGINAV
CAGGGGGGYF;KLVALGINAV
CAGGGGGGGGGGGGHF;KLVALGINAV
CAGGGGGGGGGGGGGTF;KLVALGINAV
CAGGGGGGGGGGGGGHF;KLVALGINAV
CAGGGGGGGYF;KLVALGINAV
CAGGGGGGGGGGGYF;CINGVCWTV
CAGGGGGGGGFF;CINGVCWTV
CAGGGGGGGGGGGGGYF;CINGVCWTV
CAGGGGGGGGGFF;CINGVCWTV
CAGGGGGGGGGGGGTF;CINGVCWTV
CAGGGGGGGGGGGGGHF;CINGVCWTV
CAGGGGGGGGGGGGFF;CINGVCWTV
CAGGGGGGGGGGGFF;CINGVCWTV
CAGGGGGGGGGYF;CINGVCWTV
CAGGGGGGGGGGGGYF;CINGVCWTV
CAGGGGGGGGGGYF;CINGVCWTV
CAGGGGGGGGGGGGHF;CINGVCWTV
CAGGGGGGGGGGGGGTF;CINGVCWTV
CAGGGGGGGGGGGGGFF;CINGVCWTV
CSGGGGGGGGGGFF;CINGVCWTV
CAGGGGGGGGGGGGGGFF;CINGVCWTV
CSGGGGGGGGFF;CINGVCWTV
CAGGGGGGGGGGGGGGGFF;CINGVCWTV
CAGGGGGGGGGGGGHF;TPQDLNTML
CAGGGGGGGGTF;TPQDLNTML
CAGGGGGGGGFF;TPQDLNTML
CAGGGGGGGGGFF;TPQDLNTML
CAGGGGGGGGGGGGGYF;TPQDLNTML
CAGGGGGGGGYF;TPQDLNTML
CAGGGGGGGGGTF;TPQDLNTML
CAGGGGGGGGGGGGGGGFF;TPQDLNTML
CAGGGGGGGGGGGGFF;TPQDLNTML
CTGGGGGGGGGGGGFF;TPQDLNTML
CAGGGGGGGGGGGGYF;TPQDLNTML
CAGGGGGGGGGGGHF;TPQDLNTML
CAGGGGGGGYF;TPQDLNTML
CAGGGGGGGGGGTF;TPQDLNTML
CAGGGGGGGGGGGGGGGYF;TPQDLNTML
CTGGGGGGGGGGGGGGGYF;TPQDLNTML
CAGGGGGGGGGGGYF;TPQDLNTML
CAGGGGGGGGGGYF;TPQDLNTML
CAGGGGGGGGGGGGTF;TPQDLNTML
CSGGGGGGGGGGGGFF;TPQDLNTML
CAGGGGGGGGGGGGGGYF;IIKDYGKQM
CSGGGGGGGGGGTF;IIKDYGKQM
CSGGGGGGGGGTF;IIKDYGKQM
CAGGGGGGGGGGGGGYF;IIKDYGKQM
CAGGGGGGGGGGGGYF;IIKDYGKQM
CAGGGGGGGTF;IIKDYGKQM
CAGGGGGGGGGYF;IIKDYGKQM
CAGGGGGGGGGGGFF;IIKDYGKQM
CAGGGGGGGGGGGYF;IIKDYGKQM
CAGGGGGGGYF;IIKDYGKQM
CAGGGGGGGGGFF;IIKDYGKQM
CAGGGGGGGGFF;IIKDYGKQM
CTGGGGGGGGGGGYF;IIKDYGKQM
CAGGGGGGGGGGGGGGFF;FPRPWLHGL
CAGGGGGGGGGGGGGFF;FPRPWLHGL
CAGGGGGGGGGGGFF;FPRPWLHGL
CAGGGGGGGGGGGHF;FPRPWLHGL
CAGGGGGGGGGGGGFF;FPRPWLHGL
CAGGGGGGGGGGGTF;FPRPWLHGL
CAGGGGGGGGGGGGYF;FPRPWLHGL
CAGGGGGGGGGGGYF;FPRPWLHGL
CSGGGGGGGGGGYF;FPRPWLHGL
CAGGGGGGGGGGFF;FPRPWLHGL
CSGGGGGGGGGGGYF;FPRPWLHGL
CAGGGGGGGGGGGGHF;FPRPWLHGL
CAGGGGGGGGGFF;FPRPWLHGL
CAGGGGGGGGGGHF;FPRPWLHGL
CTGGGGGGGGGFF;FPRPWLHGL
CSGGGGGGGGGFF;FPRPWLHGL
CAGGGGGGGGYF;FPRPWLHGL
CAGGGGGGGGGGGGGTF;FPRPWLHGL
CAGGGGGGGGGYF;FPRPWLHGL
CAGGGGGGGGGGYF;FPRPWLHGL
CTGGGGGGGGGGYF;FPRPWLHGL
CAGGGGGGGGGHF;FPRPWLHGL
CAGGGGGGGGGGFF;LPPIVAKEI
CAGGGGGGGGGYF;LPPIVAKEI
CAGGGGGGGGGGYF;LPPIVAKEI
CAGGGGGGGGGGGGTF;LPPIVAKEI
CAGGGGGGGGFF;LPPIVAKEI
CAGGGGGGGGGFF;LPPIVAKEI
CAGGGGGGGGYF;LPPIVAKEI
CTGGGGGGGGGFF;LPPIVAKEI
CAGGGGGGGGGGGYF;LPPIVAKEI
CAGGGGGGGGGGGGYF;LPPIVAKEI
CAGGGGGGGGGGGGFF;LPPIVAKEI
CSGGGGGGGGGGFF;LPPIVAKEI
CAGGGGGGGGGGGGGTF;LPPIVAKEI
CSGGGGGGGGGGYF;HPKVSSEVHI
CAGGGGGGGGGGGGYF;HPKVSSEVHI
CSGGGGGGGGGTF;HPKVSSEVHI
CAGGGGGGGGFF;HPKVSSEVHI
CAGGGGGGGGGGGFF;HPKVSSEVHI
CSGGGGGGGFF;HPKVSSEVHI
CAGGGGGGGGGGGYF;HPKVSSEVHI
CAGGGGGGGGGHF;HPKVSSEVHI
CAGGGGGGGGGFF;HPKVSSEVHI
CAGGGGGGGGGTF;HPKVSSEVHI
CAGGGGGGGGGGFF;HPKVSSEVHI
CAGGGGGGGGGGGGGTF;HPKVSSEVHI
CSGGGGGGGGGGFF;HPKVSSEVHI
CAGGGGGGGGGGGGGFF;HPKVSSEVHI
CAGGGGGGGGGGTF;HPKVSSEVHI
CAGGGGGGGGGYF;HPKVSSEVHI
CAGGGGGGGGGGGGFF;HPKVSSEVHI
CAGGGGGGGYF;HPKVSSEVHI
CAGGGGGGGGGGYF;HPKVSSEVHI
CAGGGGGGGFF;HPKVSSEVHI
CAGGGGGGGGGGYF;TPGPGVRYPL
CAGGGGGGGGGGFF;TPGPGVRYPL
CAGGGGGGGGGGGGGTF;TPGPGVRYPL
CAGGGGGGGGGGGGYF;TPGPGVRYPL
CAGGGGGGGGGGGYF;TPGPGVRYPL
CAGGGGGGGGGYF;TPGPGVRYPL
CAGGGGGGGGYF;TPGPGVRYPL
CAGGGGGGGGGGGFF;TPGPGVRYPL
CAGGGGGGGGGGGGGFF;TPGPGVRYPL
CSGGGGGGGGTF;TPGPGVRYPL
CAGGGGGGGGGGGGGYF;TPGPGVRYPL
CAGGGGGGGGGHF;TPGPGVRYPL
CSGGGGGGGGGGGGGFF;TPGPGVRYPL
CAGGGGGGGGFF;TPGPGVRYPL
CAGGGGGGGGGGGGTF;TPGPGVRYPL
CAGGGGGGGGGGGGGGYF;TPGPGVRYPL
CSGGGGGGGGGGTF;TPGPGVRYPL
CAGGGGGGGGGYF;TAFTIPSI
CAGGGGGGGGGGYF;TAFTIPSI
CAGGGGGGGGFF;TAFTIPSI
CSGGGGGGGGGGGGYF;TAFTIPSI
CAGGGGGGGGGGGYF;TAFTIPSI
CAGGGGGGGGGGGGGFF;TAFTIPSI
CAGGGGGGGGGGGGYF;TAFTIPSI
CAGGGGGGGGGGGGHF;TAFTIPSI
CAGGGGGGGGGGGFF;TAFTIPSI
CAGGGGGGGGGYF;ELAGIGLTV
CAGGGGGGGGGGGFF;ELAGIGLTV
CAGGGGGGGGGTF;ELAGIGLTV
CAGGGGGGGGGFF;ELAGIGLTV
CAGGGGGGGGGHF;ELAGIGLTV
CAGGGGGGGGGGFF;ELAGIGLTV
CAGGGGGGGGGGGFF;GILGFVFTL
CSGGGGGGFF;NLVPMVATV
CAGGGGGGGGGGGTF;NLVPMVATV
CAGGGGGGGGGFF;EPLPQGQLTAY
CAGGGGGGGGGYF;EPLPQGQLTAY
CAGGGGGGGGGGGGGFF;EPLPQGQLTAY
CAGGGGGGGGGGFF;EPLPQGQLTAY
CAGGGGGGGGYF;EPLPQGQLTAY
CAGGGGGGGGGGYF;EPLPQGQLTAY
CAGGGGGGGGGGGHF;EPLPQGQLTAY
CAGGGGGGGGGGGGFF;EPLPQGQLTAY
CAGGGGGGGGGGGGHF;EPLPQGQLTAY
CAGGGGGGGGGTF;EPLPQGQLTAY
CAGGGGGGGGGGTF;EPLPQGQLTAY
CAGGGGGGGGGGGGGGGGHF;FLKEKGGL
CAGGGGGGGGGGGGGGGHF;FLKEKGGL
CAGGGGGGGGGGFF;FLKEKGGL
CAGGGGGGGGGGGGGGGGHF;FLKEQGGL
CAGGGGGGGGGGGGGGGHF;FLKEQGGL
CAGGGGGGGGGGGGGGGGHF;FLKETGGL
CAGGGGGGGGGGGGGGGHF;FLKETGGL
CAGGGGGGGGGGGGGGGGHF;FLKEMGGL
CAGGGGGGGGGGGGGGGHF;FLKEMGGL
CAGGGGGGGGGYF;GILGFVFTL
CAGGGGGGGGGFF;GILGFVFTL
CAGGGGGGGGTF;GILGFVFTL
CAGGGGGGGGGTF;GLCTLVAML
CSGGGGGGGGGGGFF;GLCTLVAML
CAGGGGGGGTF;GLCTLVAML
CSGGGGGGGYF;CVNGSCFTV
CAGGGGGGGGGGGGTF;CVNGSCFTV
CAGGGGGGGGGGGYF;CVNGSCFTV
CAGGGGGGGGGFF;CVNGSCFTV
CAGGGGGGGGGGGHF;CVNGSCFTV
CAGGGGGGGGGGGGGYF;CVNGSCFTV
CSGGGGGGGGGGGFF;CVNGSCFTV
CAGGGGGGGGGGGFF;CVNGSCFTV
CAGGGGGGGGGGGGGGGHF;CVNGSCFTV
CSGGGGGGGGFF;CVNGSCFTV
CAGGGGGGGGGGGGYF;CVNGSCFTV
CSGGGGGGGGGGFF;CVNGSCFTV
CAGGGGGGGGGGFF;CINGVCWTV
CAGGGGGGGGGGGGGGYF;CINGVCWTV
CAGGGGGGGGGGTF;CINGVCWTV
CAGGGGGGGGGGGGGGGTF;CINGVCWTV
CAGGGGGGGGGGGTF;CINGVCWTV
CAGGGGGGGGGGHF;CINGVCWTV
CAGGGGGGGGGGTF;KAFSPEVIPMF
CAGGGGGGGGGFF;KAFSPEVIPMF
CAGGGGGGGGTF;KAFSPEVIPMF
CAGGGGGGGGGGGTF;KAFSPEVIPMF
CSGGGGGGGGGGGGYF;KAFSPEVIPMF
CAGGGGGGGGGGGGGGGGYF;KAFSPEVIPMF
CSGGGGGGGGGGYF;KAFSPEVIPMF
CAGGGGGGGGYF;KAFSPEVIPMF
CAGGGGGGGGGGFF;KAFSPEVIPMF
CAGGGGGGGYF;KAFSPEVIPMF
CAGGGGGGGGGGGYF;KAFSPEVIPMF
CAGGGGGGGGGTF;KAFSPEVIPMF
CAGGGGGGGGGGYF;KAFSPEVIPMF
CAGGGGGGGGGGGGGYF;KAFSPEVIPMF
CAGGGGGGGGGGGGYF;KAFSPEVIPMF
CAGGGGGGGGGYF;KAFSPEVIPMF
CAGGGGGGGGGGGGTF;KAFSPEVIPMF
CAGGGGGGGGGGGGGGGTF;KAFSPEVIPMF
CAGGGGGGGGFF;KAFSPEVIPMF
CAGGGGGGGGGGGGFF;TPRVTGGGAM
CAGGGGGGGGGGGGGFF;TPRVTGGGAM
CAGGGGGGGGGGGGGGFF;TPRVTGGGAM
CAGGGGGGGGGGGFF;TPRVTGGGAM
CAGGGGGGGGGGGGGYF;TPRVTGGGAM
CAGGGGGGGGGGGGYF;TPRVTGGGAM
CAGGGGGGGGGGGGGHF;TPRVTGGGAM
CAGGGGGGGGGGGYF;TPRVTGGGAM
CAGGGGGGGGGYF;TPRVTGGGAM
CAGGGGGGGGGFF;TPRVTGGGAM
CAGGGGGGGGGGGHF;TPRVTGGGAM
CAGGGGGGGGGGYF;TPRVTGGGAM
CAGGGGGGGGGGFF;TPRVTGGGAM
CAGGGGGGGGGGTF;TPRVTGGGAM
CAGGGGGGGGGGGGTF;TPRVTGGGAM
CAGGGGGGGGGGGTF;TPRVTGGGAM
CAGGGGGGGGGGGGYF;NLVPMVATV
CAGGGGGGGGGGGYF;NLVPMVATV
CAGGGGGGGGGGGGFF;NLVPMVATV
CAGGGGGGGGGGYF;NLVPMVATV
CAGGGGGGGGGGGFF;NLVPMVATV
CAGGGGGGGGGYF;NLVPMVATV
CAGGGGGGGFF;NLVPMVATV
CSGGGGGGGGGHF;RAKFKQLL
CSGGGGGGGGGFF;RAKFKQLL
CSGGGGGGGGGYF;RAKFKQLL
CSGGGGGGGGGTF;RAKFKQLL
CSGGGGGGGGGGFF;RAKFKQLL
CSGGGGGGGGYF;RAKFKQLL
CSGGGGGGGGGGGGFF;RAKFKQLL
CSGGGGGGGFF;RAKFKQLL
CSGGGGGGGGFF;RAKFKQLL
CAGGGGGGGGFF;RAKFKQLL
CAGGGGGGGGGGGGHF;RAKFKQLL
CAGGGGGGGGGTF;RAKFKQLL
CAGGGGGGGGGGGGYF;RAKFKQLL
CAGGGGGGGGGGFF;RAKFKQLL
CAGGGGGGGGGFF;RAKFKQLL
CAGGGGGGGGGGGTF;RAKFKQLL
CAGGGGGGGGYF;RAKFKQLL
CAGGGGGGGGGGYF;FLRGRAYGL
CAGGGGGGGGGGFF;FLRGRAYGL
CSGGGGGGGGGGFF;TPRVTGGGAM
CSGGGGGGGGGGYF;TPRVTGGGAM
CAGGGGGGGGYF;TPRVTGGGAM
CAGGGGGGGGFF;TPRVTGGGAM
CAGGGGGGYF;FLRGRAYGL
CAGGGGGGGFF;FLRGRAYGL
CAGGGGGGGGGFF;FLRGRAYGL
CSGGGGGGGGGGGHF;RAKFKQLL
CAGGGGGGGGGGGYF;RAKFKQLL
CAGGGGGGGGGGGGFF;RAKFKQLL
CAGGGGGGGGGGGGGFF;RAKFKQLL
CAGGGGGGGGGGYF;RAKFKQLL
CAGGGGGGGGGGTF;RAKFKQLL
CAGGGGGGGGGGYF;GPGHKARVL
CAGGGGGGGGGGGTF;GPGHKARVL
CAGGGGGGGGGGGGFF;GPGHKARVL
CAGGGGGGGGGGGGYF;GPGHKARVL
CAGGGGGGGGGFF;GPGHKARVL
CAGGGGGGGGGGGFF;GPGHKARVL
CSGGGGGGGGGYF;GPGHKARVL
CSGGGGGGGGGGGGGGFF;GPGHKARVL
CSGGGGGGGGGGGFF;GPGHKARVL
CSGGGGGGGGGGGGFF;GPGHKARVL
CAGGGGGGGGGGFF;GPGHKARVL
CAGGGGGGGGYF;GPGHKARVL
CAGGGGGGGGGGGYF;GPGHKARVL
CAGGGGGGGGHF;GPGHKARVL
CAGGGGGGGGGYF;GPGHKARVL
CAGGGGGGGGGGGHF;GPGHKARVL
CAGGGGGGGGGGGGGGFF;GPGHKARVL
CAGGGGGGGGGHF;GPGHKARVL
CAGGGGGGYF;GPGHKARVL
CAGGGGGGGGFF;GPGHKARVL
CAGGGGGGGGGGTF;GPGHKARVL
CAGGGGGGGYF;GPGHKARVL
CAGGGGGGGGGGGGHF;GPGHKARVL
CAGGGGGGGFF;SLYNTVATL
CAGGGGGGGGGGYF;SLYNTVATL
CAGGGGGGGGGGGGGFF;SLYNTVATL
CAGGGGGGGGGGGGGGYF;SLYNTVATL
CAGGGGGGGGGGGGGGGFF;SLYNTVATL
CAGGGGGGGGGYF;SLYNTVATL
CAGGGGGGGGGGGGYF;SLYNTVATL
CAGGGGGGGGGGTF;SLYNTVATL
CAGGGGGGGGGGGGTF;SLYNTVATL
CAGGGGGGGGGHF;SLYNTVATL
CAGGGGGGGGGGGTF;SLYNTVATL
CAGGGGGGGGGGGHF;SLYNTVATL
CAGGGGGGGGGGGFF;IPSINVHHY
CAGGGGGGGGGGYF;GILGFVFTL
CAGGGGGGGGGGGGFF;GILGFVFTL
CAGGGGGGGGGGGGGYF;GILGFVFTL
CAGGGGGGGGGGGYF;GILGFVFTL
CAGGGGGGGGYF;GILGFVFTL
CAGGGGGGGGGGGGGGFF;GILGFVFTL
CSGGGGGGGGGGGFF;GILGFVFTL
CAGGGGGGGGGGGGYF;GILGFVFTL
CAGGGGGGGGGHF;GILGFVFTL
CAGGGGGGGGGGGGGFF;QIKVRVDMV
CAGGGGGGGGGGGYF;QIKVRVDMV
CAGGGGGGGGGGGGGGYF;ELRRKMMYM
CAGGGGGGGGGGGGHF;ELRRKMMYM
CAGGGGGGGGGGGGYF;QIKVRVDMV
CAGGGGGGGGGFF;QIKVRVDMV
CAGGGGGGGGGGGGFF;RMFPNAPYL
CAGGGGGGGGGGYF;RMFPNAPYL
CAGGGGGGGGGYF;RMFPNAPYL
CAGGGGGGGGGFF;RMFPNAPYL
CAGGGGGGGGYF;RMFPNAPYL
CAGGGGGGGGGGGGGGGYF;KIFGSLAFL
CAGGGGGGGGGGGFF;TPQDLNTML
CAGGGGGGGGGGFF;TPQDLNTML
CAGGGGGGGFF;TPQDLNTML
CAGGGGGGGTF;TPQDLNTML
CAGGGGGGGGGYF;TPQDLNTML
CSGGGGGGGGGGGGGFF;TPQDLNTML
CAGGGGGGGGGGGTF;TPQDLNTML
CSGGGGGGGGGYF;TPQDLNTML
CAGGGGGGGGYF;VLEETSVML
CAGGGGGGGGGGGGYF;VLEETSVML
CSGGGGGGGGYF;VLEETSVML
CAGGGGGGGGGGGGGTF;NLVPMVATV
CAGGGGGGGGGGGTF;GLCTLVAML
CAGGGGGGGFF;GILGFVFTL
CSGGGGGGGGGGGHF;GLCTLVAML
CSGGGGGGGGGGGYF;GLCTLVAML
CAGGGGGGGGFF;GLCTLVAML
CAGGGGGGGGGGGGGFF;NLVPMVATV
CAGGGGGGGTF;NLVPMVATV
CAGGGGGGGGGGGGGGGYF;GILGFVFTL
CAGGGGGGGGGGGGTF;GILGFVFTL
CAGGGGGGGGGGGGTF;NLVPMVATV
CSGGGGGGGGGGGGYF;NLVPMVATV
CAGGGGGGGGGGFF;GILGFVFTL
CAGGGGGGGGGGGGGGFF;NLVPMVATV
CAGGGGGGGGGGGGGGGFF;GLCTLVAML
CSGGGGGGGGGGGGGGGYF;NLVPMVATV
CAGGGGGGGGGGYF;IPSINVHHY
CAGGGGGGGGGYF;IPSINVHHY
CAGGGGGGGGGFF;IPSINVHHY
CAGGGGGGGGGGGHF;IPSINVHHY
CAGGGGGGGGGGGGGGFF;IPSINVHHY
CAGGGGGGGGGGHF;IPSINVHHY
CSGGGGGGGGGGGGYF;NEGVKAAW
CAGGGGGGGGGGGTF;NEGVKAAW
CAGGGGGGGGGGGYF;NEGVKAAW
CAGGGGGGGGGGGFF;NEGVKAAW
CAGGGGGGGGGGYF;NEGVKAAW
CSGGGGGGGGGGGGFF;NEGVKAAW
CAGGGGGGGFF;NEGVKAAW
CAGGGGGGGGGGFF;NEGVKAAW
CSGGGGGGGGGGFF;NEGVKAAW
CAGGGGGGGYF;NEGVKAAW
CAGGGGGGGGGFF;NEGVKAAW
CAGGGGGGGGGGGGYF;NEGVKAAW
CSGGGGGGFF;NEGVKAAW
CAGGGGGGGGGGGGFF;NEGVKAAW
CAGGGGGGGGGYF;NEGVKAAW
CAGGGGGGGGGGGGGGGFF;NEGVKAAW
CAGGGGGGGGGGGGGFF;NEGVKAAW
CAGGGGGGGGGGGGHF;NEGVKAAW
CSGGGGGGGGGGGGHF;NLVPMVATV
CSGGGGGGGGFF;NLVPMVATV
CAGGGGGGGGGGFF;SLYNTVATL
CAGGGGGGGGGGGYF;SLYNTVATL
CAGGGGGGGYF;SLYNTVATL
CAGGGGGGGGGGGGGYF;SLYNTVATL
CAGGGGGGGGGGGGFF;SLYNTVATL
CAGGGGGGGGGTF;SLYNTVATL
CSGGGGGGGGGGFF;SLYNTVATL
CAGGGGGGGGGGGFF;SLYNTVATL
CAGGGGGGGGYF;SLYNTVATL
CAGGGGGGGGGGGGGHF;EIYKRWII
CAGGGGGGGGGGGGGGYF;EIYKRWII
CAGGGGGGGGGGGTF;EIYKRWII
CAGGGGGGGGGGGGGFF;EIYKRWII
CAGGGGGGGGGGGYF;EIYKRWII
CAGGGGGGGGGGGFF;EIYKRWII
CAGGGGGGGGGFF;EIYKRWII
CSGGGGGGGGGGGGTF;EIYKRWII
CAGGGGGGGGGGGHF;EIYKRWII
CAGGGGGGGGGGGGYF;EIYKRWII
CAGGGGGGGGGGFF;EIYKRWII
CSGGGGGGGGGGGYF;EIYKRWII
CAGGGGGGGGGGHF;EIYKRWII
CAGGGGGGGGFF;EIYKRWII
CSGGGGGGGYF;EIYKRWII
CAGGGGGGGGGGTF;EIYKRWII
CAGGGGGGGGGGYF;EIYKRWII
CAGGGGGGGGTF;EIYKRWII
CAGGGGGGGGGGGGGYF;EIYKRWII
CAGGGGGGGGGYF;EIYKRWII
CAGGGGGGGGGTF;EIYKRWII
CAGGGGGGGGGGGGGGGYF;EIYKRWII
CAGGGGGGGGGGGGFF;EIYKRWII
CSGGGGGGGGGYF;EIYKRWII
CSGGGGGGGGGFF;EIYKRWII
CAGGGGGGGGGGGGGTF;EIYKRWII
CAGGGGGGGGYF;EIYKRWII
CAGGGGGGGGGHF;EIYKRWII
CAGGGGGGGGGGGGTF;EIYKRWII
CAGGGGGGGGGGGGGGGGFF;EIYKRWII
CAGGGGGGGGGGGFF;FLKEKGGL
CAGGGGGGGGGGGYF;FLKEKGGL
CAGGGGGGGGGGGGGGGYF;FLKEKGGL
CAGGGGGGGGGGGGTF;FLKEKGGL
CAGGGGGGGGGGGGFF;FLKEKGGL
CSGGGGGGGGGGGFF;FLKEKGGL
CAGGGGGGGGGGGGYF;FLKEKGGL
CSGGGGGGGGGGGYF;FLKEKGGL
CAGGGGGGGGGGGGGGGGFF;FLKEKGGL
CAGGGGGGGGGGHF;FLKEKGGL
CSGGGGGGGGGFF;FLKEKGGL
CAGGGGGGGFF;FLKEKGGL
CSGGGGGGGGFF;FLKEKGGL
CAGGGGGGGGGGGGGYF;FLKEKGGL
CAGGGGGGGGGGGGGFF;FLKEKGGL
CTGGGGGGGGGGGGYF;FLKEKGGL
CSGGGGGGGGGGGGYF;FLKEKGGL
CAGGGGGGGGFF;KRWIILGLNK
CAGGGGGGGGGGYF;KRWIILGLNK
CSGGGGGGGGGGTF;KRWIILGLNK
CAGGGGGGGGGGGYF;KRWIILGLNK
CAGGGGGGGGGGGGFF;KRWIILGLNK
CAGGGGGGGGYF;KRWIILGLNK
CAGGGGGGGGGGTF;KRWIILGLNK
CAGGGGGGGGGFF;KRWIILGLNK
CAGGGGGGGGGGGGGFF;KRWIILGLNK
CSGGGGGGGGGTF;KRWIILGLNK
CSGGGGGGGGGGGGYF;KRWIILGLNK
CAGGGGGGGGGGGGGTF;KRWIILGLNK
CSGGGGGGGGGGYF;KRWIILGLNK
CAGGGGGGGGGYF;FLKEKGGL
CAGGGGGGGGGFF;FLKEKGGL
CAGGGGGGGGGGYF;FLKEKGGL
CSGGGGGGGGGGGGHF;FLKEKGGL
CAGGGGGGGGGGGHF;FLKEKGGL
CAGGGGGGGGGGGGHF;FLKEKGGL
CAGGGGGGGGGGGGGGHF;FLKEKGGL
CAGGGGGGGGGGGGGGGFF;FLKEKGGL
CAGGGGGGGGGGGGGFF;ISPRTLNAW
CAGGGGGGGGGGGGGGGFF;ISPRTLNAW
CAGGGGGGGGGFF;ISPRTLNAW
CAGGGGGGGGGGGGYF;ISPRTLNAW
CAGGGGGGGGGGGFF;ISPRTLNAW
CAGGGGGGGGGGFF;ISPRTLNAW
CAGGGGGGGGGGTF;ISPRTLNAW
CAGGGGGGGGGGGHF;ISPRTLNAW
CAGGGGGGGGGGGGTF;ISPRTLNAW
CAGGGGGGGGTF;QASQEVKNW
CAGGGGGGGGGGHF;QASQEVKNW
CAGGGGGGGGGGGGGGGYF;QASQEVKNW
CAGGGGGGGGGHF;QASQEVKNW
CAGGGGGGGGGGGGGGGGYF;QASQEVKNW
CAGGGGGGGGGGFF;QASQEVKNW
CAGGGGGGGGGGGGHF;QASQEVKNW
CAGGGGGGGGGGYF;ISPRTLNAW
CSGGGGGGGGGGGGFF;ISPRTLNAW
CSGGGGGGGGGTF;KAFSPEVIPMF
CAGGGGGGGGGGGGGYF;ISPRTLNAW
CAGGGGGGGGGGGYF;ISPRTLNAW
CAGGGGGGGGFF;ISPRTLNAW
CAGGGGGGGGGGTF;QASQEVKNW
CAGGGGGGGGGGGGYF;QASQEVKNW
CAGGGGGGGGGGGYF;QASQEVKNW
CAGGGGGGGGGGGHF;QASQEVKNW
CAGGGGGGGGGGGFF;QASQEVKNW
CAGGGGGGGGGGGGGGGHF;KAFSPEVIPMF
CAGGGGGGGGGGGGHF;KAFSPEVIPMF
CSGGGGGGGGGGGYF;KAFSPEVIPMF
CAGGGGGGGFF;KAFSPEVIPMF
CAGGGGGGGGGGGHF;KAFSPEVIPMF
CAGGGGGGGGGGGGFF;ISPRTLNAW
CAGGGGGGGGGHF;ISPRTLNAW
CSGGGGGGTF;KAFSPEVIPMF
CAGGGGGGYF;ISPRTLNAW
CAGGGGGGGFF;ISPRTLNAW
CAGGGGGGGGGGGGHF;GILGFVFTL
CAGGGGGGGGFF;GILGFVFTL
CAGGGGGGGGGTF;GILGFVFTL
CAGGGGGGGGHF;GILGFVFTL
CAGGGGGGGGGGTF;GILGFVFTL
CSGGGGGGGGGGYF;LLWNGPMAV
CAGGGGGGGGGTF;LLWNGPMAV
CAGGGGGGGGGGHF;LLWNGPMAV
CSGGGGGGGGGGFF;LLWNGPMAV
CAGGGGGGGGGGGGTF;LLWNGPMAV
CAGGGGGGGGGGGGGFF;LLWNGPMAV
CSGGGGGGGGYF;LLWNGPMAV
CAGGGGGGGGHF;LLWNGPMAV
CAGGGGGGGFF;LLWNGPMAV
CAGGGGGGGGTF;LLWNGPMAV
CAGGGGGGGGGGGGGYF;LLWNGPMAV
CSGGGGGGGGGGGFF;LLWNGPMAV
CAGGGGGGGGFF;LLWNGPMAV
CAGGGGGGGGGHF;LLWNGPMAV
CSGGGGGGGGFF;LLWNGPMAV
CSGGGGGGGYF;LLWNGPMAV
CAGGGGGGGGGGGGGHF;LLWNGPMAV
CAGGGGGGGGGGGGHF;LLWNGPMAV
CSGGGGGGGGGGGYF;LLWNGPMAV
CAGGGGGGGGGGGGGGTF;LLWNGPMAV
CAGGGGGGGGGFF;NLVPMVATV
CAGGGGGGGGTF;NLVPMVATV
CAGGGGGGGGGFF;HPVGEADYFEY
CAGGGGGGGGGGGYF;HPVGEADYFEY
CAGGGGGGGGGGGGGGGFF;HPVGEADYFEY
CAGGGGGGGGYF;HPVGEADYFEY
CAGGGGGGGGGGGGTF;HPVGEADYFEY
CAGGGGGGGGGGGGFF;HPVGEADYFEY
CAGGGGGGGGGGGGFF;TLNAWVKVV
CAGGGGGGGGGGGGYF;TLNAWVKVV
CAGGGGGGGGGGGGGGFF;KINAWIKVV
CAGGGGGGGGGGGGFF;KINAWIKVV
CSGGGGGGGGGGYF;KINAWIKVV
CAGGGGGGGGFF;TLNAWVKVV
CSGGGGGGGGGGGGGFF;TLNAWVKVV
CAGGGGGGGGGGGYF;TLNAWVKVV
CSGGGGGGGGGGGGGFF;KINAWIKVV
CAGGGGGGGGGGYF;KINAWIKVV
CAGGGGGGGGGGYF;TLNAWVKVV
CSGGGGGGGGFF;TLNAWVKVV
CSGGGGGGGGGGTF;TLNAWVKVV
CAGGGGGGGFF;TLNAWVKVV
CAGGGGGGGGGGGGGFF;TLNAWVKVV
CSGGGGGGGGYF;KINAWIKVV
CAGGGGGGGGYF;QASQEVKNW
CAGGGGGGGGGGGGYF;KRWIILGLNK
CAGGGGGGGGGGGGGGFF;KRWIILGLNK
CAGGGGGGGGGYF;KRWIILGLNK
CAGGGGGGGGGGGGGYF;KRWIILGLNK
CAGGGGGGGGGGYF;QASQEVKNW
CAGGGGGGGGGGGGGFF;QASQEVKNW
CAGGGGGGGGGGGGHF;KRWIILGLNK
CAGGGGGGGGGGGFF;KRWIILGLNK
CAGGGGGGGGGGGTF;KRWIILGLNK
CAGGGGGGGGGGFF;NLVPMVATV
CSGGGGGGGGYF;NLVPMVATV
CAGGGGGGGGGGGGGYF;NLVPMVATV
CAGGGGGGGGGGGGGHF;NLVPMVATV
CSGGGGGGGGGGGGFF;NLVPMVATV
CSGGGGGGGGGGGYF;NLVPMVATV
CAGGGGGGGGFF;NLVPMVATV
CSGGGGGGGGGGGTF;NLVPMVATV
CAGGGGGGGGGGTF;NLVPMVATV
CSGGGGGGGGGGFF;NLVPMVATV
CAGGGGGGGYF;NLVPMVATV
CAGGGGGGGGGTF;NLVPMVATV
CAGGGGGGGGGGGGGGGGYF;NLVPMVATV
CSGGGGGGGGGGGGGGFF;NLVPMVATV
CSGGGGGGGYF;NLVPMVATV
CAGGGGGGGGYF;NLVPMVATV
CSGGGGGGGGGFF;NLVPMVATV
CAGGGGGGGGGGGGGGYF;NLVPMVATV
CSGGGGGGGGGGGFF;NLVPMVATV
CAGGGGGGGGGGGHF;NLVPMVATV
CSGGGGGGGGGGTF;NLVPMVATV
CAGGGGGGGGGGGGGGTF;NLVPMVATV
CAGGGGGGGGGGGGHF;NLVPMVATV
CSGGGGGGGGGGYF;NLVPMVATV
CSGGGGGGYF;NLVPMVATV
CAGGGGGGGGGGGGGGGYF;NLVPMVATV
CAGGGGGGGGGGHF;NLVPMVATV
CSGGGGGGGFF;NLVPMVATV
CSGGGGGGGGGGGGTF;NLVPMVATV
CSGGGGGGGTF;NLVPMVATV
CSGGGGGGGGGGGGGFF;NLVPMVATV
CSGGGGGGGGGYF;NLVPMVATV
CSGGGGGGGGGGGGGYF;NLVPMVATV
CSGGGGGGGGGGGGGGGFF;NLVPMVATV
CSGGGGGGGGGTF;NLVPMVATV
CSGGGGGGGGHF;NLVPMVATV
CAGGGGGGGGGHF;NLVPMVATV
CSGGGGGGGGGGGGGHF;NLVPMVATV
CAGGGGGGGGHF;NLVPMVATV
CAGGGGGGGGGGGGGGHF;NLVPMVATV
CAGGGGGGGGGGGGGGGFF;NLVPMVATV
CTGGGGGGGGGGFF;NLVPMVATV
CAGGGGGGYF;NLVPMVATV
CSGGGGGGGGGGGHF;NLVPMVATV
CTGGGGGGGGGGYF;NLVPMVATV
CSGGGGGGGGTF;NLVPMVATV
CAGGGGGGFF;NLVPMVATV
CSGGGGGGGGGGFF;GILGFVFTL
CSGGGGGGGFF;GILGFVFTL
CSGGGGGGGGGYF;GILGFVFTL
CSGGGGGGGGGGTF;GILGFVFTL
CAGGGGGGGGGGGTF;GILGFVFTL
CAGGGGGGGGGGGGGGGFF;GILGFVFTL
CAGGGGGGGGGGGHF;GILGFVFTL
CAGGGGGGGGGGHF;GILGFVFTL
CAGGGGGGGYF;GILGFVFTL
CAGGGGGGGGGGGGGGYF;GILGFVFTL
CSGGGGGGGGGFF;GILGFVFTL
CSGGGGGGGGGGGGFF;GILGFVFTL
CAGGGGGGFF;GILGFVFTL
CSGGGGGGGGGGGGGGGYF;GILGFVFTL
CSGGGGGGGGHF;GILGFVFTL
CSGGGGGGGGGGGGGFF;GILGFVFTL
CAGGGGGGGGGGGGGHF;GILGFVFTL
CAGGGGGGGGGGGGGTF;GILGFVFTL
CSGGGGGGGGGGHF;GILGFVFTL
CAGGGGGGGGGGGGGFF;GILGFVFTL
CSGGGGGGGGGGGYF;GILGFVFTL
CSGGGGGGGGGGGGYF;GILGFVFTL
CAGGGGGGGGGGGGGGGTF;GILGFVFTL
CTGGGGGGGGGGYF;GILGFVFTL
CAGGGGGGGGGGGGGGTF;GILGFVFTL
CTGGGGGGGYF;GILGFVFTL
CSGGGGGGGGGGYF;GILGFVFTL
CSGGGGGGGGGTF;GILGFVFTL
CSGGGGGGGTF;GILGFVFTL
CAGGGGGGGHF;GILGFVFTL
CSGGGGGGGGGGGGGYF;GILGFVFTL
CAGGGGGGGGGGGGGGHF;GILGFVFTL
CSGGGGGGGGFF;GILGFVFTL
CSGGGGGGGGGGGGGGFF;GILGFVFTL
CSGGGGGGGGYF;GILGFVFTL
CSGGGGGGGGGGGGGGYF;GILGFVFTL
CSGGGGGGYF;GILGFVFTL
CTGGGGGGGGGFF;GILGFVFTL
CRGGGGGGGGGFF;GILGFVFTL
CTGGGGGGGGTF;GILGFVFTL
CAGGGGGGGGGGYF;MLNIPSINV
CAGGGGGGGGGGGGFF;MLNIPSINV
CAGGGGGGGGGFF;MLNIPSINV
CAGGGGGGGGGGFF;MLNIPSINV
CAGGGGGGGGGGGGGFF;MLNIPSINV
CAGGGGGGGGYF;MLNIPSINV
CAGGGGGGGGGGGGGGYF;MLNIPSINV
CAGGGGGGGGGGGYF;MLNIPSINV
CAGGGGGGGGGGGGTF;MLNIPSINV
CAGGGGGGGGGGGGGGGGHF;MLNIPSINV
CAGGGGGGGGGYF;MLNIPSINV
CAGGGGGGGGGGGGYF;MLNIPSINV
CAGGGGGGGTF;MLNIPSINV
CAGGGGGGGGGGGFF;MLNIPSINV
CAGGGGGGGGFF;MLNIPSINV
CAGGGGGGGGGGGHF;MLNIPSINV
CAGGGGGGGFF;MLNIPSINV
CAGGGGGGGGGGHF;MLNIPSINV
CAGGGGGGGGGGGGGGGFF;MLNIPSINV
CAGGGGGGGGGGGGGTF;MLNIPSINV
CAGGGGGGGHF;MLNIPSINV
CAGGGGGGGGGGGGGGHF;MLNIPSINV
CAGGGGGGGGGGGGGGTF;MLNIPSINV
CAGGGGGGGGGGGGGYF;MLNIPSINV
CSGGGGGGGGGGYF;MLNIPSINV
CSGGGGGGGGGYF;CLGGLLTMV
CSGGGGGGGGGGYF;CLGGLLTMV
CSGGGGGGGGYF;CLGGLLTMV
CAGGGGGGGGGGGGYF;CLGGLLTMV
CAGGGGGGGGGFF;CLGGLLTMV
CAGGGGGGGGGGGFF;CLGGLLTMV
CSGGGGGGGGGFF;CLGGLLTMV
CAGGGGGGGGGGGTF;CLGGLLTMV
CSGGGGGGGGGGGYF;CLGGLLTMV
CAGGGGGGGGGYF;CLGGLLTMV
CAGGGGGGGGGGYF;CLGGLLTMV
CAGGGGGGGFF;CLGGLLTMV
CAGGGGGGGGGGGHF;CLGGLLTMV
CSGGGGGGGGGGGGYF;CLGGLLTMV
CAGGGGGGGGGGGGGFF;CLGGLLTMV
CAGGGGGGGGGGGGGGFF;CLGGLLTMV
CSGGGGGGGGGGGGGGGGTF;GLCTLVAML
CAGGGGGGGGGGGHF;GLCTLVAML
CSGGGGGGGGGGGGTF;GLCTLVAML
CAGGGGGGGYF;GLCTLVAML
CAGGGGGGGGGGGGGGYF;GLCTLVAML
CAGGGGGGGGYF;GLCTLVAML
CSGGGGGGGGGGGYF;KRWIILGLNK
CSGGGGGGGGGGGGGGFF;KRWIILGLNK
CAGGGGGGGFF;KRWIILGLNK
CSGGGGGGGGGFF;KRWIILGLNK
CSGGGGGGGGGGGGGGHF;KRWIILGLNK
CSGGGGGGGGGGGGGFF;KRWIILGLNK
CAGGGGGGGGGGGGGGGYF;KRWIILGLNK
CAGGGGGGGGGGGGGGGGFF;NLVPMVATV
CAGGGGGGGGGGGGGGFF;GLCTLVAML
CSGGGGGGGGGGGGGFF;GLCTLVAML
CSGGGGGGGGGGGGGYF;GLCTLVAML
CAGGGGGGGGGGGGGGHF;GLCTLVAML
CAGGGGGGGGGFF;SFHSLHLLF
CAGGGGGGGGGYF;SFHSLHLLF
CAGGGGGGGGGTF;SFHSLHLLF
CAGGGGGGGGHF;SFHSLHLLF
CAGGGGGGGGGGGGFF;SFHSLHLLF
CSGGGGGGGGGFF;SFHSLHLLF
CAGGGGGGGGGGGTF;SFHSLHLLF
CAGGGGGGGGGGYF;SFHSLHLLF
CAGGGGGGGYF;SFHSLHLLF
CAGGGGGGGGYF;SFHSLHLLF
CAGGGGGGGGGGGFF;SFHSLHLLF
CAGGGGGGGGGGGYF;SFHSLHLLF
CAGGGGGGGGGGGHF;SFHSLHLLF
CSGGGGGGGGGGGGGHF;SFHSLHLLF
CAGGGGGGGGGGGGGFF;SFHSLHLLF
CAGGGGGGGGFF;SFHSLHLLF
CAGGGGGGGGGHF;SFHSLHLLF
CAGGGGGGGGGGFF;SFHSLHLLF
CSGGGGGGGGGGGGGYF;SFHSLHLLF
CAGGGGGGGGGGGGGYF;SFHSLHLLF
CSGGGGGGGGGGGGGGYF;SFHSLHLLF
CAGGGGGGGGGGGGHF;SFHSLHLLF
CSGGGGGGGGGGGGGFF;SFHSLHLLF
CAGGGGGGGGGGGGGGTF;SFHSLHLLF
CAGGGGGGGGGGGGGGGYF;SFHSLHLLF
CAGGGGGGGGGGGGYF;SFHSLHLLF
CSGGGGGGGGGGGYF;SFHSLHLLF
CAGGGGGGGGGGGGGGYF;SFHSLHLLF
CAGGGGGGGGGGGGGHF;SFHSLHLLF
CAGGGGGGGGTF;SFHSLHLLF
CSGGGGGGGGGYF;SFHSLHLLF
CAGGGGGGGGGGGGGTF;CLNEYHLFL
CSGGGGGGGGGGYF;CLNEYHLFL
CAGGGGGGGGGGYF;CLNEYHLFL
CAGGGGGGGGGGGGHF;CLNEYHLFL
CAGGGGGGGGGGGGFF;CLNEYHLFL
CAGGGGGGGGGGFF;CLNEYHLFL
CAGGGGGGGGGGGGYF;CLNEYHLFL
CAGGGGGGGGGGYF;AMFWSVPTV
CAGGGGGGGGGFF;AMFWSVPTV
CAGGGGGGGGGGGYF;AMFWSVPTV
CAGGGGGGGGGGFF;AMFWSVPTV
CAGGGGGGGGYF;AMFWSVPTV
CAGGGGGGGGGYF;AMFWSVPTV
CSGGGGGGGGFF;AMFWSVPTV
CAGGGGGGGGGGGGFF;AMFWSVPTV
CAGGGGGGGGGGGGGFF;AMFWSVPTV
CAGGGGGGGGGGGGYF;AMFWSVPTV
CAGGGGGGGGTF;AMFWSVPTV
CAGGGGGGGGGGHF;AMFWSVPTV
CAGGGGGGGGGGGGGGGYF;AMFWSVPTV
CAGGGGGGGGGGGGHF;AMFWSVPTV
CAGGGGGGGGGGGFF;AMFWSVPTV
CSGGGGGGGGGGGYF;AMFWSVPTV
CSGGGGGGGGHF;AMFWSVPTV
CAGGGGGGGGFF;AMFWSVPTV
CSGGGGGGGYF;AMFWSVPTV
CAGGGGGGGGGGGGGYF;AMFWSVPTV
CAGGGGGGGGGGGGGGTF;AMFWSVPTV
CSGGGGGGGGYF;AMFWSVPTV
CAGGGGGGGGGGGGGGYF;AMFWSVPTV
CAGGGGGGGGGGGTF;AMFWSVPTV
CAGGGGGGGGGHF;AMFWSVPTV
CAGGGGGGGGGGGGGFF;FLYNLLTRV
CAGGGGGGGGGGHF;FLYNLLTRV
CAGGGGGGGGGGYF;FLYNLLTRV
CAGGGGGGGGGGFF;FLYNLLTRV
CAGGGGGGGGGGGYF;FLYNLLTRV
CAGGGGGGGGHF;FLYNLLTRV
CAGGGGGGGGGGGHF;FLYNLLTRV
CAGGGGGGGGGGGGTF;FLYNLLTRV
CAGGGGGGGGGYF;FLYNLLTRV
CAGGGGGGGGFF;FLYNLLTRV
CAGGGGGGGGYF;FLYNLLTRV
CAGGGGGGGGGGGGGGTF;FLYNLLTRV
CAGGGGGGGGGGGFF;FLYNLLTRV
CAGGGGGGGGGHF;FLYNLLTRV
CAGGGGGGGGGGGGHF;FLYNLLTRV
CAGGGGGGGGGGGGGYF;FLYNLLTRV
CAGGGGGGGGGTF;FLYNLLTRV
CSGGGGGGGGGTF;FLYNLLTRV
CAGGGGGGGGTF;FLYNLLTRV
CAGGGGGGGGGGGGFF;FLYNLLTRV
CAGGGGGGGGGGGTF;FLYNLLTRV
CAGGGGGGGGGGGGHF;KLMNIQQKL
CAGGGGGGGGYF;KLMNIQQKL
CAGGGGGGGGGGGGFF;KLMNIQQKL
CAGGGGGGGGGFF;KLMNIQQKL
CAGGGGGGGGGGYF;KLMNIQQKL
CAGGGGGGGGGGHF;KLMNIQQKL
CAGGGGGGGGGGGFF;KLMNIQQKL
CAGGGGGGGGGYF;KLMNIQQKL
CAGGGGGGGGGGFF;KLMNIQQKL
CAGGGGGGGGFF;KLMNIQQKL
CAGGGGGGGGGGGGGGGFF;IILVAVPHV
CAGGGGGGGGGGYF;IILVAVPHV
CSGGGGGGGGGGGFF;IILVAVPHV
CAGGGGGGGGGGGYF;IILVAVPHV
CAGGGGGGGGGGGGFF;IILVAVPHV
CAGGGGGGGGGGGGYF;IILVAVPHV
CAGGGGGGGGGFF;IILVAVPHV
CSGGGGGGGGGTF;MLGEQLFPL
CAGGGGGGGGGGYF;MLGEQLFPL
CSGGGGGGGGGGGTF;MLGEQLFPL
CAGGGGGGGGGGFF;MLGEQLFPL
CSGGGGGGGGGGGGTF;MLGEQLFPL
CAGGGGGGGGGGHF;MLGEQLFPL
CAGGGGGGGGGGGFF;MLGEQLFPL
CAGGGGGGGGGGGYF;MLGEQLFPL
CSGGGGGGGGGGGGFF;KRWIILGLNK
CAGGGGGGGGGHF;KRWIILGLNK
CAGGGGGGGGGGGGGGGFF;KRWIILGLNK
CAGGGGGGGGGGGYF;KRWIIMGLNK
CAGGGGGGGGHF;KRWIILGLNK
CSGGGGGGGGGGGGGGYF;KRWIILGLNK
CTGGGGGGGHF;KRWIILGLNK
CSGGGGGGGGGGGGGYF;KRWIILGLNK
CAGGGGGGGGGGGGGHF;KRWIILGLNK
CAGGGGGGGGGTF;KRWIILGLNK
CSGGGGGGGGFF;KRWIILGLNK
CSGGGGGGGGGGYF;KRWIIMGLNK
CAGGGGGGGGGGGGYF;KRWIIMGLNK
CAGGGGGGGGGGGGFF;KRWIIMGLNK
CAGGGGGGGGGYF;KRWIIMGLNK
CAGGGGGGGGGGFF;AVFDRKSDAK
CAGGGGGGGGGGGGGGGGFF;IVTDFSVIK
CAGGGGGGGGGGGGFF;IVTDFSVIK
CAGGGGGGGGGGGTF;IVTDFSVIK
CSGGGGGGGGGGHF;IVTDFSVIK
CAGGGGGGGGGGGFF;IVTDFSVIK
CAGGGGGGGGGGGYF;IVTDFSVIK
CAGGGGGGGGGTF;IVTDFSVIK
CAGGGGGGGGFF;IVTDFSVIK
CAGGGGGGGGGGFF;IVTDFSVIK
CAGGGGGGGGGGGGGGGTF;KRWIILGLNK
CAGGGGGGGGGGGGGGTF;KRWIILGLNK
CSGGGGGGGGGGHF;KRWIILGLNK
CSGGGGGGGGGYF;KRWIILGLNK
CAGGGGGGGGGGGGGGYF;KRWIILGLNK
CSGGGGGGGGGGGGGGTF;KRWIILGLNK
CRGGGGGGGGGYF;KRWIILGLNK
CAGGGGGGGGGGYF;RLRPGGKKK
CAGGGGGGGGGGTF;RLRPGGKKK
CAGGGGGGGGGGFF;RLRPGGKKK
CAGGGGGGGGGGGGYF;RLRPGGKKK
CAGGGGGGGGGGGGFF;RLRPGGKKK
CAGGGGGGGGGGGGGFF;RLRPGGKKK
CAGGGGGGGGGGGHF;RLRPGGKKK
CAGGGGGGGGGFF;RLRPGGKKK
CAGGGGGGGGGGGFF;RLRPGGKKK
CAGGGGGGGGGYF;GPGMKARVL
CAGGGGGGGGGFF;GPGMKARVL
CAGGGGGGGGGGGYF;GPGMKARVL
CAGGGGGGGGGGGGFF;GPGMKARVL
CAGGGGGGGGGGYF;GPGMKARVL
CSGGGGGGGGGYF;SLYNTVATL
CAGGGGGGGGFF;SLYNTVATL
CSGGGGGGGGGFF;SLYNTVATL
CAGGGGGGGGGGHF;SLYNTVATL
CAGGGGGGGGGGGFF;QVPLRPMTYK
CAGGGGGGGGGGGYF;QVPLRPMTYK
CAGGGGGGGGGGYF;QVPLRPMTYK
CSGGGGGGGGGGGFF;QVPLRPMTYK
CAGGGGGGGGGGFF;QVPLRPMTYK
CAGGGGGGGGGGTF;QVPLRPMTYK
CSGGGGGGGGGGGGFF;FLKEKGGL
CAGGGGGGGGGGYF;FLGKIWPSHK
CAGGGGGGGGGTF;FLGKIWPSHK
CAGGGGGGGGGGFF;FLGKIWPSHK
CAGGGGGGGGGFF;FLGKIWPSHK
CAGGGGGGGGFF;FLGKIWPSHK
CAGGGGGGGGGFF;RLRPGGKKR
CAGGGGGGGGGGGYF;RLRPGGKKR
CAGGGGGGGGGYF;RLRPGGKKR
CAGGGGGGGGFF;RLRPGGKKR
CAGGGGGGGGGGYF;RLRPGGKKR
CAGGGGGGGGGGGGFF;RLRPGGKKR
CAGGGGGGGGGGGGGYF;RLRPGGKKR
CAGGGGGGGGGGGGYF;RLRPGGKKR
CSGGGGGGGGGGGYF;RLRPGGKKR
CAGGGGGGGGGGFF;RLRPGGKKR
CSGGGGGGGGGGGFF;RLRPGGKKR
CSGGGGGGGGGGGGGGFF;FLKEKGGL
CSGGGGGGGTF;FLKEKGGL
CSGGGGGGGGGGFF;TPGPGVRYPL
CAGGGGGGGGGGGGGGFF;TPGPGVRYPL
CAGGGGGGGGGGYF;FPQGEAREL
CAGGGGGGGGGYF;FPQGEAREL
CAGGGGGGGGGGGFF;FPQGEAREL
CAGGGGGGGGFF;FPQGEAREL
CAGGGGGGGGGYF;RLRPGGKKK
CAGGGGGGGGGGGGGGFF;RLRPGGKKK
CAGGGGGGGGYF;RLRPGGKKK
CAGGGGGGGGYF;RLRPGGRKR
CAGGGGGGGGGGGFF;RLRPGGRKR
CAGGGGGGGGGGGHF;RLRPGGRKR
CAGGGGGGGGGGGYF;RLRPGGRKR
CAGGGGGGGGGFF;RLRPGGRKR
CAGGGGGGGGGGGFF;GEIYKRWII
CAGGGGGGGGGGGGYF;GEIYKRWII
CAGGGGGGGGGGGGHF;TPRVTGGGAM
CSGGGGGGGGFF;TPRVTGGGAM
CAGGGGGGGGGTF;TPRVTGGGAM
CSGGGGGGGGGGGGYF;TPRVTGGGAM
CAGGGGGGGGGGGGGGHF;TPRVTGGGAM
CAGGGGGGGGGGYF;EFFWDANDIY
CAGGGGGGGGGFF;RPHERNGFTV
CAGGGGGGGGGGGGGYF;RPHERNGFTV
CAGGGGGGGGGGGGHF;GLCTLVAML
CAGGGGGGGGGGGHF;YVLDHLIVV
CAGGGGGGGGGGGGYF;YVLDHLIVV
CSGGGGGGGGGTF;YVLDHLIVV
CSGGGGGGGGGFF;YVLDHLIVV
CAGGGGGGGGFF;YVLDHLIVV
CAGGGGGGGGGGFF;YVLDHLIVV
CAGGGGGGGGGGGYF;YVLDHLIVV
CAGGGGGGGGGGGFF;YVLDHLIVV
CAGGGGGGGGGYF;YVLDHLIVV
CSGGGGGGGGGGGGTF;YVLDHLIVV
CAGGGGGGGGYF;YVLDHLIVV
CAGGGGGGGGGGGGFF;YVLDHLIVV
CSGGGGGGGGGGGFF;YVLDHLIVV
CAGGGGGGGGGGGGGGGFF;YVLDHLIVV
CAGGGGGGGGGGGGTF;YVLDHLIVV
CAGGGGGGGGHF;AVFDRKSDAK
CAGGGGGGGGGGGYF;AVFDRKSDAK
CAGGGGGGGGGGTF;IPSINVHHY
CSGGGGGGGGGYF;IPSINVHHY
CAGGGGGGGGGGGGFF;IPSINVHHY
CAGGGGGGGGGGGTF;IPSINVHHY
CAGGGGGGGGGGGGYF;IPSINVHHY
CAGGGGGGGGFF;IPSINVHHY
CAGGGGGGGGGGGGGGGGYF;TPRVTGGGAM
CAGGGGGGGGGGGYF;VLEETSVML
CAGGGGGGGGGGGGGYF;VLEETSVML
CAGGGGGGGGGGGFF;VLEETSVML
CAGGGGGGGGGGGGHF;VLEETSVML
CAGGGGGGGGGGGHF;VLEETSVML
CAGGGGGGGGGGGGHF;IVTDFSVIK
CAGGGGGGGGGGTF;IVTDFSVIK
CAGGGGGGGGGGGGYF;IVTDFSVIK
CAGGGGGGGGGGFF;RPPIFIRRL
CAGGGGGGGGGGTF;RPPIFIRRL
CAGGGGGGGGGGGGFF;RPPIFIRRL
CAGGGGGGGGGGGFF;RPPIFIRRL
CAGGGGGGGGGGHF;RPPIFIRRL
CAGGGGGGGGGGGGGYF;RPPIFIRRL
CSGGGGGGGYF;RPPIFIRRL
CAGGGGGGGGFF;RPPIFIRRL
CAGGGGGGGGGGGYF;RPPIFIRRL
CAGGGGGGGGGGYF;RPPIFIRRL
CAGGGGGGGGGGGGYF;YPLHEQHGM
CAGGGGGGGGGGGHF;YPLHEQHGM
CAGGGGGGGGGGGGFF;YPLHEQHGM
CAGGGGGGGGGGGFF;RAKFKQLL
CAGGGGGGGGGGGHF;RAKFKQLL
CAGGGGGGGGGYF;RAKFKQLL
CAGGGGGGGGGGGGGTF;RAKFKQLL
CAGGGGGGGGGGHF;RAKFKQLL
CAGGGGGGGGGHF;RAKFKQLL
CAGGGGGGGGGGGGGGYF;RAKFKQLL
CAGGGGGGGGGGGGGGFF;RAKFKQLL
CAGGGGGGGGTF;RAKFKQLL
CAGGGGGGGGHF;RAKFKQLL
CAGGGGGGGGGGGGGYF;RAKFKQLL
CAGGGGGGGGGGYF;VTEHDTLLY
CAGGGGGGGGGGGFF;CTELKLSDY
CAGGGGGGGGGGGGGGGGHF;GILGFVFTL
CAGGGGGGGGGTF;VTEHDTLLY
CAGGGGGGGGGGFF;VTEHDTLLY
CAGGGGGGGGGFF;VTEHDTLLY
CAGGGGGGGGGHF;VTEHDTLLY
CAGGGGGGGGGGGYF;VTEHDTLLY
CAGGGGGGGGGYF;VTEHDTLLY
CAGGGGGGGGGGGFF;VTEHDTLLY
CAGGGGGGGGGGGGGGFF;VTEHDTLLY
CAGGGGGGGGYF;VTEHDTLLY
CAGGGGGGGGGGGGGGGYF;VTEHDTLLY
CAGGGGGGGGFF;VTEHDTLLY
CAGGGGGGGGGGGGGHF;VTEHDTLLY
CAGGGGGGGGGGHF;VTEHDTLLY
CAGGGGGGGGGGGGYF;VTEHDTLLY
CAGGGGGGGFF;VTEHDTLLY
CAGGGGGGGGGGGGFF;VTEHDTLLY
CAGGGGGGGYF;VTEHDTLLY
CAGGGGGGGGGGTF;VTEHDTLLY
CAGGGGGGGGGGGGGGYF;VTEHDTLLY
CAGGGGGGGGGGGGGYF;VTEHDTLLY
CAGGGGGGGGGGGTF;VTEHDTLLY
CAGGGGGGGTF;VTEHDTLLY
CAGGGGGGGGGGGGGFF;VTEHDTLLY
CAGGGGGGGGGGGGGGGFF;VTEHDTLLY
CAGGGGGGGGGGGGGTF;VTEHDTLLY
CAGGGGGGGGGGGHF;VTEHDTLLY
CAGGGGGGGGGGFF;CTELKLSDY
CAGGGGGGGGGGGTF;CTELKLSDY
CAGGGGGGGGGGHF;CTELKLSDY
CAGGGGGGGGGHF;CTELKLSDY
CAGGGGGGGGTF;VTEHDTLLY
CSGGGGGGGGYF;CTELKLSDY
CSGGGGGGGGGYF;VTEHDTLLY
CSGGGGGGGGGFF;VTEHDTLLY
CSGGGGGGGGGGGYF;VTEHDTLLY
CSGGGGGGGGGGGGGYF;VTEHDTLLY
CSGGGGGGGGGGGGGGGTF;VTEHDTLLY
CSGGGGGGGFF;VTEHDTLLY
CSGGGGGGYF;CTELKLSDY
CSGGGGGGGGGGYF;VTEHDTLLY
CSGGGGGGGGYF;VTEHDTLLY
CSGGGGGGGGGGFF;VTEHDTLLY
CAGGGGGGGGGGYF;LPRRSGAAGA
CAGGGGGGGGYF;LPRRSGAAGA
CAGGGGGGGGGGGGYF;LPRRSGAAGA
CAGGGGGGGYF;LPRRSGAAGA
CAGGGGGGGGGGGYF;LPRRSGAAGA
CAGGGGGGGGGYF;LPRRSGAAGA
CAGGGGGGGGGGGGHF;LPRRSGAAGA
CAGGGGGGGGGFF;LPRRSGAAGA
CAGGGGGGGGGGGHF;LPRRSGAAGA
CAGGGGGGGGGGGGGGGYF;LPRRSGAAGA
CAGGGGGGGGGGGFF;LPRRSGAAGA
CAGGGGGGGGGGTF;LPRRSGAAGA
CAGGGGGGGGGGFF;LPRRSGAAGA
CAGGGGGGGGGGGGFF;LPRRSGAAGA
CAGGGGGGGGGGGGGYF;LPRRSGAAGA
CAGGGGGGGGGGGGTF;LPRRSGAAGA
CAGGGGGGGGGHF;LPRRSGAAGA
CAGGGGGGGGGTF;LPRRSGAAGA
CAGGGGGGGGGGHF;LPRRSGAAGA
CAGGGGGGGGFF;LPRRSGAAGA
CAGGGGGGGGGGGGGTF;LPRRSGAAGA
CAGGGGGGGGGGGGGGFF;LPRRSGAAGA
CAGGGGGGGGGGGGGFF;LPRRSGAAGA
CAGGGGGGGGGGGGGGGGFF;LPRRSGAAGA
CAGGGGGGGGGGGGGHF;LPRRSGAAGA
CAGGGGGGGGGGGGGGGTF;LPRRSGAAGA
CAGGGGGGGFF;LPRRSGAAGA
CAGGGGGGGGGGGTF;LPRRSGAAGA
CSGGGGGGGFF;LPRRSGAAGA
CSGGGGGGGGGGGTF;LPRRSGAAGA
CSGGGGGGGGGGFF;LPRRSGAAGA
CSGGGGGGGGGGYF;LPRRSGAAGA
CSGGGGGGGGGGGGGYF;LPRRSGAAGA
CSGGGGGGGGFF;LPRRSGAAGA
CSGGGGGGGGGYF;LPRRSGAAGA
CSGGGGGGGGGGGYF;LPRRSGAAGA
CSGGGGGGGGGGGFF;TPRVTGGGAM
CSGGGGGGGGGGGGHF;GILGFVFTL
CAGGGGGGGGGHF;GLCTLVAML
CAGGGGGGGGHF;GLCTLVAML
CAGGGGGGGGGGHF;GLCTLVAML
CSGGGGGGGYF;GLCTLVAML
CAGGGGGGGGGGGGGTF;GLCTLVAML
CAGGGGGGGGGGGGGGGGYF;GLCTLVAML
CAGGGGGGGGGGGGGGGGFF;GLCTLVAML
CAGGGGGGGGGGGGGGGYF;GLCTLVAML
CSGGGGGGGTF;GLCTLVAML
CAGGGGGGFF;GLCTLVAML
CRGGGGGGGGGGFF;GLCTLVAML
CSGGGGGGGGGGGGYF;GLCTLVAML
CSGGGGGGGGGGHF;GLCTLVAML
CAGGGGGGGGFF;CTELKLSDY
CAGGGGGGGGGGGYF;CTELKLSDY
CAGGGGGGGGGYF;CTELKLSDY
CAGGGGGGGGGGGGYF;CTELKLSDY
CAGGGGGGGGGGGGFF;CTELKLSDY
CAGGGGGGGGGGGGGYF;CTELKLSDY
CAGGGGGGGGGGYF;CTELKLSDY
CAGGGGGGGFF;CTELKLSDY
CAGGGGGGGGGFF;CTELKLSDY
CSGGGGGGGGGGGTF;VTEHDTLLY
CAGGGGGGGGGGGGGGTF;GLCTLVAML
CSGGGGGGGGGHF;NLVPMVATV
CAGGGGGGGGGGGYF;HSKKKCDEL
CAGGGGGGGGGGGGGYF;HSKKKCDEL
CAGGGGGGGGGGGGGGFF;HSKKKCDEL
CAGGGGGGGGGGGFF;HSKKKCDEL
CAGGGGGGGGFF;HSKKKCDEL
CAGGGGGGGGGGFF;HSKKKCDEL
CAGGGGGGGGYF;HSKKKCDEL
CAGGGGGGGGGGYF;HSKKKCDEL
CAGGGGGGGGGGGGYF;HSKKKCDEL
CAGGGGGGGGGTF;HSKKKCDEL
CAGGGGGGGGGYF;HSKKKCDEL
CAGGGGGGGGGGFF;ATDALMTGY
CAGGGGGGGGGGTF;ATDALMTGY
CAGGGGGGGGGGHF;ATDALMTGY
CAGGGGGGGGGGGHF;ATDALMTGY
CAGGGGGGGGGGGFF;ATDALMTGY
CAGGGGGGGGGGGTF;ATDALMTGY
CAGGGGGGGGGGGYF;ATDALMTGY
CAGGGGGGGGGGGGFF;ATDALMTGY
CAGGGGGGGGGGYF;ATDALMTGY
CAGGGGGGGGGGGGYF;ATDALMTGY
CAGGGGGGGGGGGGGGGYF;ATDALMTGY
CAGGGGGGGGGGGGTF;ATDALMTGY
CAGGGGGGGGGGGGGGGFF;ATDALMTGY
CAGGGGGGGYF;ATDALMTGY
CAGGGGGGGGGGGGGYF;ATDALMTGY
CAGGGGGGGGGTF;ATDALMTGY
CAGGGGGGGGGGGGGFF;ATDALMTGY
CAGGGGGGGGGGGGGTF;ATDALMTGY
CAGGGGGGGGGGGGGGGGFF;ATDALMTGY
CAGGGGGGGGGGGGGGGGYF;ATDALMTGY
CAGGGGGGGGGFF;RPHERNGFTVL
CAGGGGGGGGGGGGGGYF;RPHERNGFTVL
CSGGGGGGGGGGGGYF;RPHERNGFTVL
CAGGGGGGGGGGFF;RPHERNGFTVL
CAGGGGGGGGGGGGYF;RPHERNGFTVL
CAGGGGGGGGGGGGGTF;RPHERNGFTVL
CSGGGGGGGGGGYF;RPHERNGFTVL
CSGGGGGGGGGGGTF;RPHERNGFTVL
CAGGGGGGGGGGGHF;RPHERNGFTVL
CSGGGGGGGGGGGFF;RPHERNGFTVL
CSGGGGGGGGGGFF;RPHERNGFTVL
CSGGGGGGGGGGHF;KAFSPEVIPMF
CSGGGGGGGGGGGTF;KAFSPEVIPMF
CSGGGGGGGGGFF;KAFSPEVIPMF
CAGGGGGGGGGGGGFF;KAFSPEVIPMF
CAGGGGGGGGGGGGGHF;KAFSPEVIPMF
CAGGGGGGGGGGGGGGTF;KAFSPEVIPMF
CSGGGGGGGGGGYF;FLKEKGGL
CAGGGGGGGGGGGGGGGTF;FLKEKGGL
CTGGGGGGGGGGGGGGGTF;FLKEKGGL
CAGGGGGGGGGGGTF;FLKEKGGL
CSGGGGGGGYF;FLKEKGGL
CSGGGGGGGFF;FLKEKGGL
CSGGGGGGGGGGGGGYF;FLKEKGGL
CSGGGGGGGGGGGGFF;ILKEPVHGV
CSGGGGGGGGGYF;ILKEPVHGV
CAGGGGGGGGGGGGGYF;ILKEPVHGV
CAGGGGGGGGGGGHF;ILKEPVHGV
CAGGGGGGGGGYF;ILKEPVHGV
CTGGGGGGGGGYF;ILKEPVHGV
CAGGGGGGGGHF;ILKEPVHGV
CAGGGGGGGGYF;ILKEPVHGV
CAGGGGGGGYF;ILKEPVHGV
CSGGGGGGGGFF;ILKEPVHGV
CSGGGGGGGGYF;ILKEPVHGV
CSGGGGGGGGGGGGGYF;ILKEPVHGV
CSGGGGGGGGGYF;FLKEKGGL
CSGGGGGGGGGTF;FLKEKGGL
CSGGGGGGGGGGGGGFF;FLKEKGGL
CAGGGGGGGGFF;FLKEKGGL
CAGGGGGGGYF;EIYKRWII
CAGGGGGGGGGGGGGGYF;QVPLRPMTYK
CAGGGGGGGFF;QVPLRPMTYK
CSGGGGGGGGFF;QVPLRPMTYK
CSGGGGGGGGGGGGGHF;QVPLRPMTYK
CAGGGGGGGGGGGGFF;QVPLRPMTYK
CSGGGGGGGGYF;QVPLRPMTYK
CSGGGGGGGGGFF;CINGVCWTV
CAGGGGGGGGHF;CINGVCWTV
CAGGGGGGGGGGGGGGGYF;CINGVCWTV
CSGGGGGGGGGGGFF;CINGVCWTV
CAGGGGGGGYF;CINGVCWTV
CAGGGGGGGGYF;CINGVCWTV
CAGGGGGGGGGGGGGGTF;CINGVCWTV
CAGGGGGGGGGGYF;ARMILMTHF
CAGGGGGGGGGFF;ARMILMTHF
CAGGGGGGGGGGGGHF;ARMILMTHF
CAGGGGGGGGGGGFF;ARMILMTHF
CAGGGGGGGGGGHF;ARMILMTHF
CAGGGGGGGGGGFF;ARMILMTHF
CAGGGGGGGGGGGYF;ARMILMTHF
CAGGGGGGGGGGGGGGGFF;ARMILMTHF
CAGGGGGGGGGTF;ARMILMTHF
CAGGGGGGGGGGGGFF;ARMILMTHF
CAGGGGGGGGGGGGGGGHF;ARMILMTHF
CAGGGGGGGGGGGHF;ARMILMTHF
CSGGGGGGGGYF;ARMILMTHF
CAGGGGGGGGGGGGGFF;ARMILMTHF
CSGGGGGGGGGTF;ARMILMTHF
CAGGGGGGGGGGGGGYF;ARMILMTHF
CAGGGGGGGGFF;ARMILMTHF
CAGGGGGGGGGGGGYF;ARMILMTHF
CAGGGGGGGGGGGGGGYF;ARMILMTHF
CAGGGGGGGGYF;ARMILMTHF
CAGGGGGGGGGYF;ARMILMTHF
CAGGGGGGGGGGGGTF;ARMILMTHF
CAGGGGGGGFF;CINGVCWTV
CAGGGGGGGGTF;CINGVCWTV
CSGGGGGGGGGGGHF;ATDALMTGY
CAGGGGGGGGGYF;ATDALMTGY
CAGGGGGGGGGGGGHF;ATDALMTGY
CAGGGGGGGGGGGHF;CINGVCWTV
CAGGGGGGGGGGGTF;YSEHPTFTSQY
CSGGGGGGGGYF;YSEHPTFTSQY
CAGGGGGGGGGGGFF;YSEHPTFTSQY
CAGGGGGGGGGGGYF;YSEHPTFTSQY
CAGGGGGGGGGGGGYF;YSEHPTFTSQY
CAGGGGGGGGGGYF;YSEHPTFTSQY
CAGGGGGGGGGGFF;ELRRKMMYM
CAGGGGGGGGGGGGFF;ELRRKMMYM
CAGGGGGGGGGGGFF;ELRRKMMYM
CAGGGGGGGGGGGGGGFF;ELRRKMMYM
CAGGGGGGGGGGGTF;QIKVRVDMV
CAGGGGGGGGGGGGFF;QIKVRVDMV
CAGGGGGGGGGGFF;QIKVRVDMV
CAGGGGGGGGGGYF;QIKVRVDMV
CAGGGGGGGTF;HPVGEADYFEY
CAGGGGGGGGGGGFF;HPVGEADYFEY
CAGGGGGGGGYF;IPSINVHHY
CAGGGGGGGGGGFF;IPSINVHHY
CSGGGGGGGGYF;IPSINVHHY
CSGGGGGGGYF;IPSINVHHY
CAGGGGGGGFF;IPSINVHHY
CAGGGGGGGGGHF;IPSINVHHY
CAGGGGGGGGGGGFF;QYDPVAALF
CSGGGGGGGGGGFF;QYDPVAALF
CAGGGGGGGGGYF;QYDPVAALF
CAGGGGGGGGGGGYF;QYDPVAALF
CAGGGGGGGGGGYF;QYDPVAALF
CAGGGGGGGGGGGGHF;QYDPVAALF
CAGGGGGGGGGGFF;QYDPVAALF
CSGGGGGGGGGYF;QYDPVAALF
CAGGGGGGGGYF;QYDPVAALF
CAGGGGGGGGGTF;QYDPVAALF
CAGGGGGGGGGGGGGGTF;QYDPVAALF
CAGGGGGGGGGGGGYF;QYDPVAALF
CAGGGGGGGGGGGGGYF;QYDPVAALF
CAGGGGGGGGGGGGGTF;FPTKDVAL
CAGGGGGGGGGGGFF;FPTKDVAL
CAGGGGGGGGGGFF;FPTKDVAL
CAGGGGGGGGGGGGGFF;FPTKDVAL
CAGGGGGGGGGGGGFF;FPTKDVAL
CAGGGGGGGGGTF;FPTKDVAL
CAGGGGGGGGFF;FPTKDVAL
CAGGGGGGGGGHF;FPTKDVAL
CAGGGGGGGGGGHF;FPTKDVAL
CAGGGGGGGGGGGYF;IPSINVHHY
CAGGGGGGGGGGGGTF;VSFIEFVGW
CAGGGGGGGGGGYF;YVLDHLIVV
CAGGGGGGGGGGYF;IVTDFSVIK
CAGGGGGGGGGGGFF;AVFDRKSDAK
CAGGGGGGGGGGHF;YVLDHLIVV
CAGGGGGGGGGTF;YPLHEQHGM
CAGGGGGGGGGGFF;YPLHEQHGM
CAGGGGGGGGGGGFF;VSFIEFVGW
CAGGGGGGGFF;VSFIEFVGW
CAGGGGGGGGGYF;VSFIEFVGW
CSGGGGGGGGGGTF;YPLHEQHGM
CSGGGGGGGGGGGYF;IVTDFSVIK
CSGGGGGGGGGGGFF;VSFIEFVGW
CAGGGGGGGGGGGGGGYF;TPRVTGGGAM
CAGGGGGGGGGGGGGFF;IPSINVHHY
CSGGGGGGGGGTF;IPSINVHHY
CTGGGGGGGGGGGGGFF;IPSINVHHY
CAGGGGGGGGGFF;YVLDHLIVV
CAGGGGGGGGGGFF;VSFIEFVGW
CAGGGGGGGGGFF;YPLHEQHGM
CAGGGGGGGGGGHF;VSFIEFVGW
CAGGGGGGGGGGGYF;YPLHEQHGM
CAGGGGGGGGGGGGGYF;VSFIEFVGW
CAGGGGGGGGGGGYF;FLRGRAYGL
CAGGGGGGGGGGGGGGYF;VSFIEFVGW
CAGGGGGGGFF;RAKFKQLL
CAGGGGGGGGGGGFF;YPLHEQHGM
CAGGGGGGGGGGGGHF;YVLDHLIVV
CAGGGGGGGGGGTF;YVLDHLIVV
CAGGGGGGGGGGYF;VSFIEFVGW
CAGGGGGGGGGGGGFF;FLRGRAYGL
CAGGGGGGGGGGGGGYF;FLRGRAYGL
CAGGGGGGGGGTF;RPPIFIRRL
CAGGGGGGGGGGGGGYF;YVLDHLIVV
CAGGGGGGGGGGGGFF;VSFIEFVGW
CAGGGGGGGGGFF;AVFDRKSDAK
CAGGGGGGGGGGGGGGGGYF;FLRGRAYGL
CAGGGGGGGYF;FLRGRAYGL
CAGGGGGGGGGGGTF;YVLDHLIVV
CAGGGGGGGTF;YVLDHLIVV
CAGGGGGGGGTF;YVLDHLIVV
CSGGGGGGGGGYF;YPLHEQHGM
CSGGGGGGGGGGYF;VSFIEFVGW
CSGGGGGGGGGGGHF;VSFIEFVGW
CSGGGGGGGGGHF;YVLDHLIVV
CSGGGGGGFF;YPLHEQHGM
CSGGGGGGGGGGGGFF;IVTDFSVIK
CAGGGGGGGGGGFF;ELAGIGILTV
CAGGGGGGGGGGGYF;ELAGIGILTV
CAGGGGGGGFF;ELAGIGILTV
CAGGGGGGGGGGGGYF;ELAGIGILTV
CAGGGGGGGGGGYF;ELAGIGILTV
CAGGGGGGGGGGGHF;ELAGIGILTV
CSGGGGGGGGGFF;ELAGIGILTV
CSGGGGGGGGGGGGYF;ELAGIGILTV
CSGGGGGGGGFF;ELAGIGILTV
CAGGGGGGGGGGGGGFF;ELAGIGILTV
CAGGGGGGGGGGGGFF;ELAGIGILTV
CAGGGGGGGYF;ELAGIGILTV
CAGGGGGGGGGGGGGGYF;ELAGIGILTV
CAGGGGGGGGGGTF;ELAGIGILTV
CAGGGGGGGGGHF;ELAGIGILTV
CAGGGGGGGGGYF;ELAGIGILTV
CAGGGGGGGGGGGGGGGGTF;ELAGIGILTV
CSGGGGGGGGGGGGGFF;ELAGIGILTV
CAGGGGGGGGGGGGGTF;ELAGIGILTV
CAGGGGGGGGFF;ELAGIGILTV
CSGGGGGGGGGGGFF;ELAGIGILTV
CAGGGGGGGGGGGGGFF;YVLDHLIVV
CAGGGGGGGFF;YVLDHLIVV
CAGGGGGGGGGGGGGGGGYF;TQGYFPDWQNY
CAGGGGGGGGGFF;TQGYFPDWQNY
CAGGGGGGGGGGYF;GLNKIVRMY
CAGGGGGGGGGGGYF;GLNKIVRMY
CAGGGGGGGGGFF;GLNKIVRMY
CTGGGGGGGGGGYF;GLNKIVRMY
CAGGGGGGGGGGHF;ISPRTLNAW
CAGGGGGGGGGYF;ISPRTLNAW
CAGGGGGGGGGGGGGGFF;ISPRTLNAW
CAGGGGGGGGGYF;QASQEVKNW
CAGGGGGGGTF;QASQEVKNW
CAGGGGGGGGGFF;QASQEVKNW
CAGGGGGGGGGGGGGTF;FLKEKGGL
CAGGGGGGGGGGGGHF;EIYKRWII
CAGGGGGGGGGGGGYF;GLNKIVRMY
CSGGGGGGGGFF;GLNKIVRMY
CSGGGGGGGGGYF;GLNKIVRMY
CSGGGGGGGGTF;GLNKIVRMY
CSGGGGGGGGGGGGGTF;GLNKIVRMY
CAGGGGGGGGGGGTF;GLNKIVRMY
CAGGGGGGGGGGGGGFF;GLNKIVRMY
CAGGGGGGGGFF;GLNKIVRMY
CAGGGGGGGGGGFF;GLNKIVRMY
CAGGGGGGGGGGGGFF;GLNKIVRMY
CSGGGGGGGGGGGGGGYF;GLNKIVRMY
CSGGGGGGGGGGYF;GLNKIVRMY
CAGGGGGGGGGGGGHF;GLNKIVRMY
CAGGGGGGGGFF;QVPLRPMTYK
CAGGGGGGGGGGGGYF;QVPLRPMTYK
CAGGGGGGGGGGGGGHF;QVPLRPMTYK
CAGGGGGGGGYF;QVPLRPMTYK
CAGGGGGGGGGGGHF;QVPLRPMTYK
CAGGGGGGGGGGGGTF;QVPLRPMTYK
CSGGGGGGGGGGGGYF;QVPLRPMTYK
CSGGGGGGGGGGGGFF;QVPLRPMTYK
CSGGGGGGGGGGYF;QVPLRPMTYK
CAGGGGGGGGYF;YSEHPTFTSQY
CAGGGGGGGGGGGHF;KRWIILGLNK
CAGGGGGGGGGGGGTF;KRWIILGLNK
CAGGGGGGGGGGGTF;KRWIIMGLNK
CAGGGGGGGGGGGHF;KRWIIMGLNK
CAGGGGGGGGGFF;KRWIIMGLNK
CAGGGGGGGGGGHF;KRWIILGLNK
CAGGGGGGGGGGYF;KRWIIMGLNK
CAGGGGGGGGGGHF;KRWIIMGLNK
CAGGGGGGGFF;KRWIIMGLNK
CSGGGGGGGGGFF;KRWIIMGLNK
CSGGGGGGGGGGGGTF;KRWIIMGLNK
CAGGGGGGGGYF;KRWIIMGLNK
CSGGGGGGGGGGGGYF;KRWIIMGLNK
CTGGGGGGGGGGYF;KRWIILGLNK
CAGGGGGGGYF;KRWIIMGLNK
CAGGGGGGGGTF;KRWIILGLNK
CAGGGGGGGGGGGFF;KRWIIMGLNK
CAGGGGGGGGGGGTF;ELAGIGILTV
CSGGGGGGGGGGYF;ELAGIGILTV
CSGGGGGGFF;ELAGIGILTV
CSGGGGGGGGTF;ELAGIGILTV
CAGGGGGGGGGGGGTF;ELAGIGILTV
CAGGGGGGGGGTF;ELAGIGILTV
CAGGGGGGGGHF;ELAGIGILTV
CAGGGGGGGGGGGGGGGFF;ELAGIGILTV
CSGGGGGGGGGGHF;ELAGIGILTV
CSGGGGGGGFF;ELAGIGILTV
CAGGGGGGGGGGGGHF;ELAGIGILTV
CSGGGGGGGGGGGGFF;ELAGIGILTV
CSGGGGGGGGGYF;ELAGIGILTV
CSGGGGGGGGGTF;ELAGIGILTV
CAGGGGGGGGYF;ELAGIGILTV
CAGGGGGGHF;ELAGIGILTV
CSGGGGGGGGGGFF;ELAGIGILTV
CAGGGGGGGGGGGGGGGHF;ELAGIGILTV
CSGGGGGGGGGGGGGYF;ELAGIGILTV
CAGGGGGGGGGGGGGHF;ELAGIGILTV
CAGGGGGGYF;ELAGIGILTV
CAGGGGGGGGTF;ELAGIGILTV
CAGGGGGGGGGGGGGGFF;ELAGIGILTV
CAGGGGGGGGGGGGGYF;ELAGIGILTV
CAGGGGGGGGGGGGGGGYF;ELAGIGILTV
CAGGGGGGFF;ELAGIGILTV
CSGGGGGGGGGGGHF;ELAGIGILTV
CSGGGGGGGGGGGYF;ELAGIGILTV
CSGGGGGGGGYF;ELAGIGILTV
CAGGGGGGGGGGGGGGGGYF;ELAGIGILTV
CSGGGGGGGGGGGGGGGFF;ELAGIGILTV
CSGGGGGGGGGGGGTF;ELAGIGILTV
CSGGGGGGGTF;ELAGIGILTV
CSGGGGGGGGGGTF;ELAGIGILTV
CAGGGGGGGGGGGGGGTF;ELAGIGILTV
CSGGGGGGTF;ELAGIGILTV
CAGGGGGGGGGGGGGGHF;ELAGIGILTV
CSGGGGGGYF;ELAGIGILTV
CAGGGGGGGGGGGGGGGGFF;ELAGIGILTV
CSGGGGGGGGGGGGGGYF;ELAGIGILTV
CSGGGGGGGGGHF;ELAGIGILTV
CAGGGGGGGTF;ELAGIGILTV
CAGGGGGGGGGGGGGGGTF;ELAGIGILTV
CSGGGGGGGGGGGTF;ELAGIGILTV
CSGGGGGGGGHF;ELAGIGILTV
CSGGGGGGGGGGGTF;LLWNGPMAV
CAGGGGGGGYF;LLWNGPMAV
CAGGGGGGGGGGGGGGGGFF;LLWNGPMAV
CAGGGGGGGGGGGGGGFF;LLWNGPMAV
CSGGGGGGGGGGGGYF;LLWNGPMAV
CAGGGGGGGGGGGGGGYF;LLWNGPMAV
CAGGGGGGGGGGGGGTF;LLWNGPMAV
CSGGGGGGGGGGGGGGFF;LLWNGPMAV
CAGGGGGGGGGGGGGHF;LLLGIGILV
CAGGGGGGGGGYF;LLLGIGILV
CAGGGGGGGGGGGGFF;LLLGIGILV
CAGGGGGGGGYF;LLLGIGILV
CSGGGGGGGTF;LLLGIGILV
CAGGGGGGGGGGGGGFF;LLLGIGILV
CAGGGGGGGGGGYF;LLLGIGILV
CAGGGGGGGGGGGGHF;LLLGIGILV
CAGGGGGGGGGGGGGGGTF;LLLGIGILV
CAGGGGGGGGGGFF;LLLGIGILV
CSGGGGGGGGGGGGGYF;LLLGIGILV
CAGGGGGGGGGGGYF;LLLGIGILV
CAGGGGGGGGGGHF;LLLGIGILV
CAGGGGGGGGGFF;LLLGIGILV
CSGGGGGGGGGGGGGGYF;LLLGIGILV
CAGGGGGGGGGGGFF;LLLGIGILV
CSGGGGGGGYF;LLLGIGILV
CAGGGGGGGGGGGGGYF;LLLGIGILV
CSGGGGGGGGGGGGGGGFF;LLLGIGILV
CAGGGGGGGGFF;LLLGIGILV
CAGGGGGGGGGGGGGGFF;LLLGIGILV
CAGGGGGGGGGGGGTF;LLLGIGILV
CAGGGGGGGGGGGTF;LLLGIGILV
CAGGGGGGGGGHF;LLLGIGILV
CAGGGGGGGGGTF;LLLGIGILV
CSGGGGGGGGYF;LLLGIGILV
CSGGGGGGGGGGGTF;LLLGIGILV
CAGGGGGGGGGGTF;LLLGIGILV
CAGGGGGGGTF;LLLGIGILV
CAGGGGGGGGGGGGGGGFF;LLLGIGILV
CSGGGGGGGGGHF;LLLGIGILV
CAGGGGGGGYF;LLLGIGILV
CAGGGGGGGGGGGGYF;LLLGIGILV
CSGGGGGGGGGGYF;LLLGIGILV
CSGGGGGGGGGGGGGGGHF;LLLGIGILV
CSGGGGGGGGGGHF;LLLGIGILV
CAGGGGGGGGGGGHF;LLLGIGILV
CSGGGGGGGGGGGGGFF;LLLGIGILV
CAGGGGGGGGGGGGGGGYF;LLLGIGILV
CSGGGGGGGGGFF;LLLGIGILV
CSGGGGGGGGGGFF;LLLGIGILV
CAGGGGGGGGGGGGGGYF;LLLGIGILV
CSGGGGGGGGGGGGYF;LLLGIGILV
CSGGGGGGGGGGGGFF;LLLGIGILV
CAGGGGGGGGGGGGGTF;LLLGIGILV
CSGGGGGGGGGGGFF;LLLGIGILV
CAGGGGGGGGTF;LLLGIGILV
CSGGGGGGGGGGGYF;LLLGIGILV
CAGGGGGGGGGGFF;VAANIVLTV
CAGGGGGGGGYF;VAANIVLTV
CAGGGGGGGGGYF;VAANIVLTV
CAGGGGGGGGGGGYF;VAANIVLTV
CAGGGGGGGGGGGGFF;VAANIVLTV
CAGGGGGGGGGFF;VAANIVLTV
CAGGGGGGGYF;VAANIVLTV
CAGGGGGGGGGGGFF;VAANIVLTV
CAGGGGGGGGGGYF;VAANIVLTV
CAGGGGGGGGGGGGGHF;VAANIVLTV
CAGGGGGGGGGGGTF;VAANIVLTV
CAGGGGGGGGGGGGGGYF;KLSALGINAV
CSGGGGGGGGGYF;KLSALGINAV
CAGGGGGGGGGGGYF;KLSALGINAV
CAGGGGGGGGGHF;KLSALGINAV
CAGGGGGGGGYF;KLSALGINAV
CAGGGGGGGGGGGGYF;KLSALGINAV
CAGGGGGGGGGGGGFF;KLSALGINAV
CAGGGGGGGGGGYF;KLSALGINAV
CAGGGGGGGGGGGGGFF;KLSALGINAV
CAGGGGGGGGGGFF;KLSALGINAV
CAGGGGGGGGGGGFF;KLSALGINAV
CAGGGGGGGGGFF;KLSALGINAV
CAGGGGGGGGGTF;KLSALGINAV
CSGGGGGGGGGGGGYF;KLSALGINAV
CAGGGGGGGGGGGTF;KLSALGINAV
CAGGGGGGFF;LLWNGPMAV
CSGGGGGGGGGFF;LLWNGPMAV
CAGGGGGGGGGGGGGGHF;LLWNGPMAV
CRGGGGGGGGGYF;LLWNGPMAV
CAGGGGGGGGGGGGGGGYF;LLWNGPMAV
CAGGGGGGGGYF;GTSGSPIVNR
CAGGGGGGGGGGGGGFF;GTSGSPIVNR
CAGGGGGGGGGGGYF;GTSGSPIVNR
CAGGGGGGGGFF;GTSGSPIVNR
CAGGGGGGGGGGGGGGFF;GTSGSPIVNR
CAGGGGGGGGGGGFF;GTSGSPIVNR
CAGGGGGGGGGGGGHF;GTSGSPIVNR
CAGGGGGGGGGGYF;GTSGSPIVNR
CAGGGGGGGGGTF;GTSGSPIVNR
CAGGGGGGGGGGGGGGYF;GTSGSPIVNR
CAGGGGGGGGGYF;GTSGSPIVNR
CAGGGGGGGGGFF;GTSGSPIVNR
CAGGGGGGGGGGFF;GTSGSPIVNR
CAGGGGGGGGGGGGFF;GTSGSPIVNR
CAGGGGGGGGTF;GTSGSPIVNR
CAGGGGGGGGGGGGGGGGYF;GTSGSPIVNR
CAGGGGGGGGGGGGGGGFF;GTSGSPIVNR
CAGGGGGGGGGGGGTF;GTSGSPIVNR
CSGGGGGGGGGGHF;GTSGSPIVNR
CAGGGGGGGGGGFF;GTSGSPIIDK
CAGGGGGGGGGGGGGFF;GTSGSPIIDK
CAGGGGGGGGGGYF;GTSGSPIIDK
CAGGGGGGGGGYF;GTSGSPIINR
CAGGGGGGGGGGGFF;GTSGSPIINR
CAGGGGGGGGGGGGGFF;GTSGSPIINR
CAGGGGGGGGGGGGYF;GTSGSPIINR
CSGGGGGGGGGGYF;GTSGSPIINR
CAGGGGGGGGYF;GTSGSPIINR
CAGGGGGGGGGGHF;GTSGSPIINR
CAGGGGGGGGGGFF;GTSGSPIINR
CAGGGGGGGGGGGGFF;GTSGSPIINR
CAGGGGGGGGGGGYF;GTSGSPIINR
CAGGGGGGGGGGYF;GTSGSPIINR
CAGGGGGGGGGFF;GTSGSPIINR
CAGGGGGGGGGGGGTF;GTSGSPIIDK
CAGGGGGGGGGGTF;GTSGSPIIDK
CAGGGGGGFF;GTSGSPIIDK
CAGGGGGGGGGGGGFF;GTSGSPIIDK
CAGGGGGGGGGGGGHF;GTSGSPIIDK
CAGGGGGGGGGGGFF;GTSGSPIIDK
CAGGGGGGGGGGGYF;GTSGSPIIDK
CAGGGGGGGGFF;GTSGSPIIDK
CAGGGGGGGGGGGGYF;GTSGSPIIDK
CAGGGGGGGGGFF;GTSGSPIIDK
CAGGGGGGGGGYF;GTSGSPIIDK
CAGGGGGGGGYF;GTSGSPIIDK
CAGGGGGGGYF;GTSGSPIIDK
CAGGGGGGGGGGGGGGFF;GTSGSPIINR
CAGGGGGGGGGGTF;GTSGSPIINR
CAGGGGGGGGGHF;GTSGSPIINR
CSGGGGGGGGGGHF;GTSGSPIINR
CSGGGGGGGGGFF;GTSGSPIINR
CAGGGGGGGGGGGHF;GTSGSPIVNR
CSGGGGGGGGGGGYF;GTSGSPIVNR
CAGGGGGGGGGGGGGGGGTF;GTSGSPIINR
CAGGGGGGGFF;GTSGSPIINR
CAGGGGGGYF;GTSGSPIINR
CAGGGGGGGGFF;GTSGSPIINR
CAGGGGGGGGGGGHF;GTSGSPIINR
CAGGGGGGGGGHF;GTSGSPIVNR
CAGGGGGGGGGGGGYF;GTSGSPIVNR
CAGGGGGGGGGGGGGYF;GTSGSPIVNR
CAGGGGGGGGGGGGGYF;GTSGSPIINR
CAGGGGGGGGGGGGTF;GTSGSPIINR
CAGGGGGGGGGGGGGGGYF;GTSGSPIVNR
CAGGGGGGGGGGGGGGGYF;GTSGSPIINR
CAGGGGGGGGGGGTF;GTSGSPIVNR
CAGGGGGGGGGGGGGGYF;GTSGSPIINR
CSGGGGGGGGGGGYF;GTSGSPIINR
CAGGGGGGGGGGGTF;GTSGSPIINR
CAGGGGGGGGHF;GTSGSPIVNR
CAGGGGGGGGHF;GTSGSPIINR
CSGGGGGGGGGHF;GLCTLVAML
CSGGGGGGFF;GLCTLVAML
CAGGGGGGGGGGGGGGGFF;LLWNGPMAV
CSGGGGGGGGGGGGGGFF;ELAGIGILTV
CAGGGGGGGGGGGGHF;NLSALGIFST
CSGGGGGGGGGGGYF;NLSALGIFST
CAGGGGGGGGGGFF;NLSALGIFST
CAGGGGGGGGGGGTF;NLSALGIFST
CAGGGGGGGGYF;NLSALGIFST
CAGGGGGGGGGGGFF;NLSALGIFST
CRGGGGGGGGGYF;NLSALGIFST
CAGGGGGGGGGGYF;NLSALGIFST
CSGGGGGGGGGYF;NLSALGIFST
CAGGGGGGGGGGGGFF;NLSALGIFST
CAGGGGGGGGGGGGGHF;NLSALGIFST
CSGGGGGGGGGGYF;NLSALGIFST
CAGGGGGGGFF;NLSALGIFST
CAGGGGGGGGGFF;NLSALGIFST
CAGGGGGGGGGYF;NLSALGIFST
CAGGGGGGGGGGGYF;NLSALGIFST
CAGGGGGGGGGTF;NLSALGIFST
CSGGGGGGGGFF;NLSALGIFST
CAGGGGGGGGFF;NLSALGIFST
CAGGGGGGGGGGGGGFF;NLSALGIFST
CAGGGGGGGGGGGGGGFF;NLSALGIFST
CSGGGGGGGGGGGGGGFF;NLSALGIFST
CSGGGGGGGGGGFF;NLSALGIFST
CAGGGGGGGTF;NLSALGIFST
CAGGGGGGGGGGGHF;NLSALGIFST
CAGGGGGGGGGGHF;NLSALGIFST
CAGGGGGGGGGGGGYF;NLSALGIFST
CAGGGGGGGYF;NLSALGIFST
CAGGGGGGGGGGTF;NLSALGIFST
CAGGGGGGGGHF;NLSALGIFST
CAGGGGGGGGGGGGGTF;NLSALGIFST
CAGGGGGGGGGGGGGYF;NLSALGIFST
CTGGGGGGGGGGFF;NLSALGIFST
CAGGGGGGGGGGGGGGTF;TPRVTGGGAM
CAGGGGGGGGGGHF;TPRVTGGGAM
CSGGGGGGGGGGGTF;TPRVTGGGAM
CAGGGGGGGFF;TPRVTGGGAM
CSGGGGGGGGGTF;TPRVTGGGAM
CAGGGGGGGGGGGGGGGYF;YSEHPTFTSQY
CAGGGGGGGGGYF;YSEHPTFTSQY
CAGGGGGGGGGGGGGGGGFF;YSEHPTFTSQY
CAGGGGGGGGGGGGGFF;YSEHPTFTSQY
CAGGGGGGGGGGGGFF;YSEHPTFTSQY
CAGGGGGGGGGGGGGYF;YSEHPTFTSQY
CAGGGGGGGGGGFF;YSEHPTFTSQY
CSGGGGGGGGFF;YSEHPTFTSQY
CAGGGGGGGGGTF;YSEHPTFTSQY
CAGGGGGGGGGFF;YSEHPTFTSQY
CSGGGGGGGGGGFF;YSEHPTFTSQY
CSGGGGGGGGGGGYF;YSEHPTFTSQY
CSGGGGGGGGGFF;YSEHPTFTSQY
CSGGGGGGGGGTF;YSEHPTFTSQY
CSGGGGGGGGGYF;YSEHPTFTSQY
CSGGGGGGGGGGGFF;YSEHPTFTSQY
CSGGGGGGYF;YSEHPTFTSQY
CAGGGGGGGGGGGFF;QIKVRVKMV
CAGGGGGGGGGGGYF;QIKVRVKMV
CSGGGGGGGGGGGGGFF;QIKVRVKMV
CAGGGGGGGGGGYF;QIKVRVKMV
CAGGGGGGGGGHF;QIKVRVKMV
CAGGGGGGGGGGGGFF;QIKVRVKMV
CAGGGGGGGGGGGHF;QIKVRVKMV
CSGGGGGGGGGTF;QIKVRVKMV
CSGGGGGGGGGGGFF;QIKVRVKMV
CAGGGGGGGGGGFF;QIKVRVKMV
CSGGGGGGGGGFF;QIKVRVKMV
CAGGGGGGGGGTF;QIKVRVKMV
CSGGGGGGGGGGTF;QIKVRVKMV
CAGGGGGGGGGGGGGFF;QIKVRVKMV
CAGGGGGGGGGGGGYF;QIKVRVKMV
CAGGGGGGGGGGGGTF;EPLPQGQLTAY
CAGGGGGGGGGGGGYF;EPLPQGQLTAY
CSGGGGGGGGGGGGGHF;GLCTLVAML
CSGGGGGGGGGGGGGYF;RPPIFIRRL
CAGGGGGGGGGGFF;HPVGEADYFEY
